<?xml version="1.0" encoding="UTF-8"?>
<trips>
    <vType  id="passenger1" length="4.3" width="1.8" height="1.5" personNumber="1" personCapacity="4" containerNumber="0" maxSpeed="50.0" accel="2.9" decel="7.5" tau="1.0" sigma="0.5" minGap="1.0" boardingDuration="0.5" loadingDuration="90.0" vClass="passenger" emissionClass="HBEFA3/PC" impatience="1.0" guiShape="passenger" color="185,85,255" lcStrategic="1.0" lcCooperative="1.0" lcSpeedGain="1.0" lcKeepRight="1.0" latAlignment="center" maxSpeedLat="1.0" minGapLat="0.12" lcSublane="1.0" lcPushy="0.0" laneChangeModel="LC2013"/>
    <trip  id="74" type="passenger1" depart="41" from="19641153" to="19653578#1" departLane="0" departPos="random_free" departSpeed="0.0" arrivalLane="0" arrivalPos="max" arrivalSpeed="0.0"/>
    <trip  id="90" type="passenger1" depart="53" from="19632204#0" to="-19625898#0" departLane="0" departPos="random_free" departSpeed="0.0" arrivalLane="0" arrivalPos="max" arrivalSpeed="0.0"/>
    <trip  id="127" type="passenger1" depart="66" from="19620444#5" to="19637107#0" departLane="0" departPos="random_free" departSpeed="0.0" arrivalLane="0" arrivalPos="max" arrivalSpeed="0.0"/>
    <trip  id="84" type="passenger1" depart="77" from="-130097888#11" to="-25887664#12" departLane="0" departPos="random_free" departSpeed="0.0" arrivalLane="0" arrivalPos="max" arrivalSpeed="0.0"/>
    <trip  id="137" type="passenger1" depart="94" from="19615806#2" to="19618859" departLane="0" departPos="random_free" departSpeed="0.0" arrivalLane="0" arrivalPos="max" arrivalSpeed="0.0"/>
    <trip  id="122" type="passenger1" depart="103" from="496328339#0" to="19633324#0" departLane="0" departPos="random_free" departSpeed="0.0" arrivalLane="0" arrivalPos="max" arrivalSpeed="0.0"/>
    <trip  id="82" type="passenger1" depart="119" from="-19641153" to="19649020#1" departLane="0" departPos="random_free" departSpeed="0.0" arrivalLane="0" arrivalPos="max" arrivalSpeed="0.0"/>
    <trip  id="170" type="passenger1" depart="147" from="-19649020#1" to="-19616929" departLane="0" departPos="random_free" departSpeed="0.0" arrivalLane="0" arrivalPos="max" arrivalSpeed="0.0"/>
    <trip  id="152" type="passenger1" depart="155" from="-398903630#3" to="19631509#1" departLane="0" departPos="random_free" departSpeed="0.0" arrivalLane="0" arrivalPos="max" arrivalSpeed="0.0"/>
    <trip  id="118" type="passenger1" depart="173" from="19643688" to="100281069#4" departLane="0" departPos="random_free" departSpeed="0.0" arrivalLane="0" arrivalPos="max" arrivalSpeed="0.0"/>
    <trip  id="37" type="passenger1" depart="174" from="-19629983#2" to="-19623564#0" departLane="0" departPos="random_free" departSpeed="0.0" arrivalLane="0" arrivalPos="max" arrivalSpeed="0.0"/>
    <trip  id="195" type="passenger1" depart="177" from="-100281069#5" to="19643255#1" departLane="0" departPos="random_free" departSpeed="0.0" arrivalLane="0" arrivalPos="max" arrivalSpeed="0.0"/>
    <trip  id="176" type="passenger1" depart="185" from="19642356" to="-100281069#6" departLane="0" departPos="random_free" departSpeed="0.0" arrivalLane="0" arrivalPos="max" arrivalSpeed="0.0"/>
    <trip  id="41" type="passenger1" depart="202" from="-19629983#1" to="-19645123#1" departLane="0" departPos="random_free" departSpeed="0.0" arrivalLane="0" arrivalPos="max" arrivalSpeed="0.0"/>
    <trip  id="67" type="passenger1" depart="253" from="-19632204#0" to="19618278#2" departLane="0" departPos="random_free" departSpeed="0.0" arrivalLane="0" arrivalPos="max" arrivalSpeed="0.0"/>
    <trip  id="162" type="passenger1" depart="309" from="398903630#1" to="19608619" departLane="0" departPos="random_free" departSpeed="0.0" arrivalLane="0" arrivalPos="max" arrivalSpeed="0.0"/>
    <trip  id="88" type="passenger1" depart="316" from="130097888#10" to="19615846#0" departLane="0" departPos="random_free" departSpeed="0.0" arrivalLane="0" arrivalPos="max" arrivalSpeed="0.0"/>
    <trip  id="124" type="passenger1" depart="317" from="-19620444#3" to="38728369#10" departLane="0" departPos="random_free" departSpeed="0.0" arrivalLane="0" arrivalPos="max" arrivalSpeed="0.0"/>
    <trip  id="209" type="passenger1" depart="387" from="-100281069#5" to="-19649020#1" departLane="0" departPos="random_free" departSpeed="0.0" arrivalLane="0" arrivalPos="max" arrivalSpeed="0.0"/>
    <trip  id="182" type="passenger1" depart="402" from="-100281069#1" to="-19631509#3" departLane="0" departPos="random_free" departSpeed="0.0" arrivalLane="0" arrivalPos="max" arrivalSpeed="0.0"/>
    <trip  id="27" type="passenger1" depart="415" from="38723155#1" to="19644607#3" departLane="0" departPos="random_free" departSpeed="0.0" arrivalLane="0" arrivalPos="max" arrivalSpeed="0.0"/>
    <trip  id="153" type="passenger1" depart="420" from="19649020#1" to="-130097888#21" departLane="0" departPos="random_free" departSpeed="0.0" arrivalLane="0" arrivalPos="max" arrivalSpeed="0.0"/>
    <trip  id="184" type="passenger1" depart="421" from="-100281069#1" to="19645442#2" departLane="0" departPos="random_free" departSpeed="0.0" arrivalLane="0" arrivalPos="max" arrivalSpeed="0.0"/>
    <trip  id="142" type="passenger1" depart="427" from="19615806#2" to="19627529#2" departLane="0" departPos="random_free" departSpeed="0.0" arrivalLane="0" arrivalPos="max" arrivalSpeed="0.0"/>
    <trip  id="24" type="passenger1" depart="431" from="-130097888#20" to="-398903630#2" departLane="0" departPos="random_free" departSpeed="0.0" arrivalLane="0" arrivalPos="max" arrivalSpeed="0.0"/>
    <trip  id="125" type="passenger1" depart="433" from="-19640721#2" to="19645442#2" departLane="0" departPos="random_free" departSpeed="0.0" arrivalLane="0" arrivalPos="max" arrivalSpeed="0.0"/>
    <trip  id="16" type="passenger1" depart="439" from="19618854#1" to="-38723103#3" departLane="0" departPos="random_free" departSpeed="0.0" arrivalLane="0" arrivalPos="max" arrivalSpeed="0.0"/>
    <trip  id="33" type="passenger1" depart="444" from="-19629453" to="130097888#20" departLane="0" departPos="random_free" departSpeed="0.0" arrivalLane="0" arrivalPos="max" arrivalSpeed="0.0"/>
    <trip  id="145" type="passenger1" depart="454" from="-25887664#3" to="19626112#0" departLane="0" departPos="random_free" departSpeed="0.0" arrivalLane="0" arrivalPos="max" arrivalSpeed="0.0"/>
    <trip  id="87" type="passenger1" depart="464" from="-38728369#27" to="19648519#4" departLane="0" departPos="random_free" departSpeed="0.0" arrivalLane="0" arrivalPos="max" arrivalSpeed="0.0"/>
    <trip  id="138" type="passenger1" depart="512" from="-19615806#3" to="-19615840#0" departLane="0" departPos="random_free" departSpeed="0.0" arrivalLane="0" arrivalPos="max" arrivalSpeed="0.0"/>
    <trip  id="161" type="passenger1" depart="539" from="19627795" to="19616957" departLane="0" departPos="random_free" departSpeed="0.0" arrivalLane="0" arrivalPos="max" arrivalSpeed="0.0"/>
    <trip  id="92" type="passenger1" depart="545" from="19618858#2" to="-19649418#5" departLane="0" departPos="random_free" departSpeed="0.0" arrivalLane="0" arrivalPos="max" arrivalSpeed="0.0"/>
    <trip  id="207" type="passenger1" depart="551" from="19644607#3" to="-398903630#2" departLane="0" departPos="random_free" departSpeed="0.0" arrivalLane="0" arrivalPos="max" arrivalSpeed="0.0"/>
    <trip  id="136" type="passenger1" depart="569" from="19615292#1" to="-130097888#5" departLane="0" departPos="random_free" departSpeed="0.0" arrivalLane="0" arrivalPos="max" arrivalSpeed="0.0"/>
    <trip  id="159" type="passenger1" depart="575" from="19626112#0" to="-130097888#17" departLane="0" departPos="random_free" departSpeed="0.0" arrivalLane="0" arrivalPos="max" arrivalSpeed="0.0"/>
    <trip  id="166" type="passenger1" depart="584" from="19649020#1" to="-398901242#1" departLane="0" departPos="random_free" departSpeed="0.0" arrivalLane="0" arrivalPos="max" arrivalSpeed="0.0"/>
    <trip  id="149" type="passenger1" depart="613" from="-19620444#5" to="100281069#2" departLane="0" departPos="random_free" departSpeed="0.0" arrivalLane="0" arrivalPos="max" arrivalSpeed="0.0"/>
    <trip  id="6" type="passenger1" depart="632" from="19645442#1" to="-19643255#0" departLane="0" departPos="random_free" departSpeed="0.0" arrivalLane="0" arrivalPos="max" arrivalSpeed="0.0"/>
    <trip  id="147" type="passenger1" depart="632" from="-496328339#2" to="165538136#9" departLane="0" departPos="random_free" departSpeed="0.0" arrivalLane="0" arrivalPos="max" arrivalSpeed="0.0"/>
    <trip  id="1" type="passenger1" depart="651" from="130097888#20" to="19623564#1" departLane="0" departPos="random_free" departSpeed="0.0" arrivalLane="0" arrivalPos="max" arrivalSpeed="0.0"/>
    <trip  id="36" type="passenger1" depart="651" from="-19646568#1" to="-19641987#0" departLane="0" departPos="random_free" departSpeed="0.0" arrivalLane="0" arrivalPos="max" arrivalSpeed="0.0"/>
    <trip  id="63" type="passenger1" depart="652" from="-19608619" to="19649418#6" departLane="0" departPos="random_free" departSpeed="0.0" arrivalLane="0" arrivalPos="max" arrivalSpeed="0.0"/>
    <trip  id="173" type="passenger1" depart="669" from="-398903630#2" to="19639004#1" departLane="0" departPos="random_free" departSpeed="0.0" arrivalLane="0" arrivalPos="max" arrivalSpeed="0.0"/>
    <trip  id="104" type="passenger1" depart="673" from="38728369#32" to="-38728369#27" departLane="0" departPos="random_free" departSpeed="0.0" arrivalLane="0" arrivalPos="max" arrivalSpeed="0.0"/>
    <trip  id="55" type="passenger1" depart="759" from="19637107#0" to="-19649020#2" departLane="0" departPos="random_free" departSpeed="0.0" arrivalLane="0" arrivalPos="max" arrivalSpeed="0.0"/>
    <trip  id="106" type="passenger1" depart="775" from="130097888#5" to="-19639004#0" departLane="0" departPos="random_free" departSpeed="0.0" arrivalLane="0" arrivalPos="max" arrivalSpeed="0.0"/>
    <trip  id="80" type="passenger1" depart="777" from="19641987#0" to="496328339#1" departLane="0" departPos="random_free" departSpeed="0.0" arrivalLane="0" arrivalPos="max" arrivalSpeed="0.0"/>
    <trip  id="76" type="passenger1" depart="789" from="19623564#2" to="496328339#2" departLane="0" departPos="random_free" departSpeed="0.0" arrivalLane="0" arrivalPos="max" arrivalSpeed="0.0"/>
    <trip  id="78" type="passenger1" depart="797" from="-19623564#0" to="-19640721#3" departLane="0" departPos="random_free" departSpeed="0.0" arrivalLane="0" arrivalPos="max" arrivalSpeed="0.0"/>
    <trip  id="126" type="passenger1" depart="816" from="19615806#1" to="19618278#1" departLane="0" departPos="random_free" departSpeed="0.0" arrivalLane="0" arrivalPos="max" arrivalSpeed="0.0"/>
    <trip  id="167" type="passenger1" depart="818" from="398903630#2" to="-19618858#1" departLane="0" departPos="random_free" departSpeed="0.0" arrivalLane="0" arrivalPos="max" arrivalSpeed="0.0"/>
    <trip  id="157" type="passenger1" depart="819" from="38723103#7" to="-19646568#1" departLane="0" departPos="random_free" departSpeed="0.0" arrivalLane="0" arrivalPos="max" arrivalSpeed="0.0"/>
    <trip  id="2" type="passenger1" depart="824" from="-19631509#4" to="19629027#0" departLane="0" departPos="random_free" departSpeed="0.0" arrivalLane="0" arrivalPos="max" arrivalSpeed="0.0"/>
    <trip  id="4" type="passenger1" depart="864" from="-130097888#21" to="-19623564#1" departLane="0" departPos="random_free" departSpeed="0.0" arrivalLane="0" arrivalPos="max" arrivalSpeed="0.0"/>
    <trip  id="183" type="passenger1" depart="870" from="-165538136#5" to="19645442#1" departLane="0" departPos="random_free" departSpeed="0.0" arrivalLane="0" arrivalPos="max" arrivalSpeed="0.0"/>
    <trip  id="53" type="passenger1" depart="871" from="-19618278#0" to="398903630#2" departLane="0" departPos="random_free" departSpeed="0.0" arrivalLane="0" arrivalPos="max" arrivalSpeed="0.0"/>
    <trip  id="175" type="passenger1" depart="876" from="19649020#1" to="-496328339#2" departLane="0" departPos="random_free" departSpeed="0.0" arrivalLane="0" arrivalPos="max" arrivalSpeed="0.0"/>
    <trip  id="56" type="passenger1" depart="888" from="-38728369#18" to="19615846#2" departLane="0" departPos="random_free" departSpeed="0.0" arrivalLane="0" arrivalPos="max" arrivalSpeed="0.0"/>
    <trip  id="10" type="passenger1" depart="936" from="-19618854#1" to="19623564#3" departLane="0" departPos="random_free" departSpeed="0.0" arrivalLane="0" arrivalPos="max" arrivalSpeed="0.0"/>
    <trip  id="139" type="passenger1" depart="949" from="-97954660#2" to="-19628050#1" departLane="0" departPos="random_free" departSpeed="0.0" arrivalLane="0" arrivalPos="max" arrivalSpeed="0.0"/>
    <trip  id="31" type="passenger1" depart="953" from="-19618278#1" to="38728369#4" departLane="0" departPos="random_free" departSpeed="0.0" arrivalLane="0" arrivalPos="max" arrivalSpeed="0.0"/>
    <trip  id="7" type="passenger1" depart="967" from="19633324#3" to="-38728369#28" departLane="0" departPos="random_free" departSpeed="0.0" arrivalLane="0" arrivalPos="max" arrivalSpeed="0.0"/>
    <trip  id="194" type="passenger1" depart="996" from="100281069#3" to="-130097888#10" departLane="0" departPos="random_free" departSpeed="0.0" arrivalLane="0" arrivalPos="max" arrivalSpeed="0.0"/>
    <trip  id="103" type="passenger1" depart="1002" from="19645123#1" to="-38728369#27" departLane="0" departPos="random_free" departSpeed="0.0" arrivalLane="0" arrivalPos="max" arrivalSpeed="0.0"/>
    <trip  id="107" type="passenger1" depart="1003" from="19628050#4" to="25887664#6" departLane="0" departPos="random_free" departSpeed="0.0" arrivalLane="0" arrivalPos="max" arrivalSpeed="0.0"/>
    <trip  id="128" type="passenger1" depart="1003" from="-19640721#0" to="-130097888#16" departLane="0" departPos="random_free" departSpeed="0.0" arrivalLane="0" arrivalPos="max" arrivalSpeed="0.0"/>
    <trip  id="96" type="passenger1" depart="1031" from="-130097888#6" to="19646568#0" departLane="0" departPos="random_free" departSpeed="0.0" arrivalLane="0" arrivalPos="max" arrivalSpeed="0.0"/>
    <trip  id="101" type="passenger1" depart="1034" from="-19645123#1" to="-19623564#2" departLane="0" departPos="random_free" departSpeed="0.0" arrivalLane="0" arrivalPos="max" arrivalSpeed="0.0"/>
    <trip  id="57" type="passenger1" depart="1040" from="351523420" to="19615846#0" departLane="0" departPos="random_free" departSpeed="0.0" arrivalLane="0" arrivalPos="max" arrivalSpeed="0.0"/>
    <trip  id="206" type="passenger1" depart="1057" from="-19615846#2" to="-19631504#0" departLane="0" departPos="random_free" departSpeed="0.0" arrivalLane="0" arrivalPos="max" arrivalSpeed="0.0"/>
    <trip  id="40" type="passenger1" depart="1062" from="-19618278#3" to="-19641987#0" departLane="0" departPos="random_free" departSpeed="0.0" arrivalLane="0" arrivalPos="max" arrivalSpeed="0.0"/>
    <trip  id="143" type="passenger1" depart="1077" from="-38723103#3" to="-19649020#0" departLane="0" departPos="random_free" departSpeed="0.0" arrivalLane="0" arrivalPos="max" arrivalSpeed="0.0"/>
    <trip  id="30" type="passenger1" depart="1089" from="19633324#2" to="19615846#0" departLane="0" departPos="random_free" departSpeed="0.0" arrivalLane="0" arrivalPos="max" arrivalSpeed="0.0"/>
    <trip  id="85" type="passenger1" depart="1129" from="-38728369#27" to="19649020#2" departLane="0" departPos="random_free" departSpeed="0.0" arrivalLane="0" arrivalPos="max" arrivalSpeed="0.0"/>
    <trip  id="186" type="passenger1" depart="1131" from="19631493#0" to="-38728369#17" departLane="0" departPos="random_free" departSpeed="0.0" arrivalLane="0" arrivalPos="max" arrivalSpeed="0.0"/>
    <trip  id="146" type="passenger1" depart="1140" from="-19639004#0" to="19644607#2" departLane="0" departPos="random_free" departSpeed="0.0" arrivalLane="0" arrivalPos="max" arrivalSpeed="0.0"/>
    <trip  id="117" type="passenger1" depart="1149" from="19618859" to="19644607#2" departLane="0" departPos="random_free" departSpeed="0.0" arrivalLane="0" arrivalPos="max" arrivalSpeed="0.0"/>
    <trip  id="91" type="passenger1" depart="1190" from="19653578#1" to="19659320" departLane="0" departPos="random_free" departSpeed="0.0" arrivalLane="0" arrivalPos="max" arrivalSpeed="0.0"/>
    <trip  id="156" type="passenger1" depart="1208" from="25887664#11" to="-38728369#18" departLane="0" departPos="random_free" departSpeed="0.0" arrivalLane="0" arrivalPos="max" arrivalSpeed="0.0"/>
    <trip  id="89" type="passenger1" depart="1213" from="-19641987#0" to="19615846#1" departLane="0" departPos="random_free" departSpeed="0.0" arrivalLane="0" arrivalPos="max" arrivalSpeed="0.0"/>
    <trip  id="112" type="passenger1" depart="1236" from="398901242#0" to="-19626112#1" departLane="0" departPos="random_free" departSpeed="0.0" arrivalLane="0" arrivalPos="max" arrivalSpeed="0.0"/>
    <trip  id="42" type="passenger1" depart="1241" from="19612427" to="38728369#33" departLane="0" departPos="random_free" departSpeed="0.0" arrivalLane="0" arrivalPos="max" arrivalSpeed="0.0"/>
    <trip  id="210" type="passenger1" depart="1254" from="-19615846#2" to="-19627529#2" departLane="0" departPos="random_free" departSpeed="0.0" arrivalLane="0" arrivalPos="max" arrivalSpeed="0.0"/>
    <trip  id="160" type="passenger1" depart="1278" from="19642356" to="-19629452#1" departLane="0" departPos="random_free" departSpeed="0.0" arrivalLane="0" arrivalPos="max" arrivalSpeed="0.0"/>
    <trip  id="120" type="passenger1" depart="1283" from="-130097888#5" to="100281069#1" departLane="0" departPos="random_free" departSpeed="0.0" arrivalLane="0" arrivalPos="max" arrivalSpeed="0.0"/>
    <trip  id="44" type="passenger1" depart="1352" from="-130097888#15" to="-130097888#4" departLane="0" departPos="random_free" departSpeed="0.0" arrivalLane="0" arrivalPos="max" arrivalSpeed="0.0"/>
    <trip  id="179" type="passenger1" depart="1406" from="-25887664#12" to="-19625898#0" departLane="0" departPos="random_free" departSpeed="0.0" arrivalLane="0" arrivalPos="max" arrivalSpeed="0.0"/>
    <trip  id="171" type="passenger1" depart="1414" from="-398903630#2" to="-25887664#5" departLane="0" departPos="random_free" departSpeed="0.0" arrivalLane="0" arrivalPos="max" arrivalSpeed="0.0"/>
    <trip  id="35" type="passenger1" depart="1415" from="130097888#17" to="-38728369#7" departLane="0" departPos="random_free" departSpeed="0.0" arrivalLane="0" arrivalPos="max" arrivalSpeed="0.0"/>
    <trip  id="97" type="passenger1" depart="1456" from="19618859" to="19646568#1" departLane="0" departPos="random_free" departSpeed="0.0" arrivalLane="0" arrivalPos="max" arrivalSpeed="0.0"/>
    <trip  id="5" type="passenger1" depart="1473" from="19633324#2" to="-19616957" departLane="0" departPos="random_free" departSpeed="0.0" arrivalLane="0" arrivalPos="max" arrivalSpeed="0.0"/>
    <trip  id="29" type="passenger1" depart="1479" from="19633324#0" to="-19644607#3" departLane="0" departPos="random_free" departSpeed="0.0" arrivalLane="0" arrivalPos="max" arrivalSpeed="0.0"/>
    <trip  id="77" type="passenger1" depart="1490" from="-19641987#0" to="-19640721#2" departLane="0" departPos="random_free" departSpeed="0.0" arrivalLane="0" arrivalPos="max" arrivalSpeed="0.0"/>
    <trip  id="180" type="passenger1" depart="1495" from="-19627795" to="100281069#4" departLane="0" departPos="random_free" departSpeed="0.0" arrivalLane="0" arrivalPos="max" arrivalSpeed="0.0"/>
    <trip  id="34" type="passenger1" depart="1533" from="-351523420" to="19649418#6" departLane="0" departPos="random_free" departSpeed="0.0" arrivalLane="0" arrivalPos="max" arrivalSpeed="0.0"/>
    <trip  id="59" type="passenger1" depart="1539" from="-19612427" to="-19648519#3" departLane="0" departPos="random_free" departSpeed="0.0" arrivalLane="0" arrivalPos="max" arrivalSpeed="0.0"/>
    <trip  id="190" type="passenger1" depart="1548" from="-19648519#3" to="-130097888#15" departLane="0" departPos="random_free" departSpeed="0.0" arrivalLane="0" arrivalPos="max" arrivalSpeed="0.0"/>
    <trip  id="131" type="passenger1" depart="1580" from="19640721#1" to="-130097888#10" departLane="0" departPos="random_free" departSpeed="0.0" arrivalLane="0" arrivalPos="max" arrivalSpeed="0.0"/>
    <trip  id="111" type="passenger1" depart="1583" from="-19628050#1" to="398903630#1" departLane="0" departPos="random_free" departSpeed="0.0" arrivalLane="0" arrivalPos="max" arrivalSpeed="0.0"/>
    <trip  id="154" type="passenger1" depart="1607" from="19649020#2" to="19618854#2" departLane="0" departPos="random_free" departSpeed="0.0" arrivalLane="0" arrivalPos="max" arrivalSpeed="0.0"/>
    <trip  id="81" type="passenger1" depart="1613" from="-19623564#0" to="-398903630#0" departLane="0" departPos="random_free" departSpeed="0.0" arrivalLane="0" arrivalPos="max" arrivalSpeed="0.0"/>
    <trip  id="168" type="passenger1" depart="1635" from="398903630#2" to="19618859" departLane="0" departPos="random_free" departSpeed="0.0" arrivalLane="0" arrivalPos="max" arrivalSpeed="0.0"/>
    <trip  id="196" type="passenger1" depart="1639" from="-165538136#6" to="-19628050#6" departLane="0" departPos="random_free" departSpeed="0.0" arrivalLane="0" arrivalPos="max" arrivalSpeed="0.0"/>
    <trip  id="3" type="passenger1" depart="1644" from="38728369#3" to="38728369#27" departLane="0" departPos="random_free" departSpeed="0.0" arrivalLane="0" arrivalPos="max" arrivalSpeed="0.0"/>
    <trip  id="64" type="passenger1" depart="1658" from="-19641153" to="38728369#3" departLane="0" departPos="random_free" departSpeed="0.0" arrivalLane="0" arrivalPos="max" arrivalSpeed="0.0"/>
    <trip  id="99" type="passenger1" depart="1681" from="-19656059" to="-19618854#7" departLane="0" departPos="random_free" departSpeed="0.0" arrivalLane="0" arrivalPos="max" arrivalSpeed="0.0"/>
    <trip  id="50" type="passenger1" depart="1710" from="-19618278#3" to="-25887664#7" departLane="0" departPos="random_free" departSpeed="0.0" arrivalLane="0" arrivalPos="max" arrivalSpeed="0.0"/>
    <trip  id="49" type="passenger1" depart="1722" from="-38728369#19" to="19615806#2" departLane="0" departPos="random_free" departSpeed="0.0" arrivalLane="0" arrivalPos="max" arrivalSpeed="0.0"/>
    <trip  id="15" type="passenger1" depart="1735" from="-19633324#3" to="130097888#5" departLane="0" departPos="random_free" departSpeed="0.0" arrivalLane="0" arrivalPos="max" arrivalSpeed="0.0"/>
    <trip  id="164" type="passenger1" depart="1739" from="-19642356" to="-19623564#0" departLane="0" departPos="random_free" departSpeed="0.0" arrivalLane="0" arrivalPos="max" arrivalSpeed="0.0"/>
    <trip  id="71" type="passenger1" depart="1753" from="-19629027#2" to="19618218" departLane="0" departPos="random_free" departSpeed="0.0" arrivalLane="0" arrivalPos="max" arrivalSpeed="0.0"/>
    <trip  id="193" type="passenger1" depart="1753" from="-19648519#3" to="-19632204#0" departLane="0" departPos="random_free" departSpeed="0.0" arrivalLane="0" arrivalPos="max" arrivalSpeed="0.0"/>
    <trip  id="169" type="passenger1" depart="1758" from="19627529#2" to="-38728369#33" departLane="0" departPos="random_free" departSpeed="0.0" arrivalLane="0" arrivalPos="max" arrivalSpeed="0.0"/>
    <trip  id="208" type="passenger1" depart="1760" from="100281069#2" to="-398903630#2" departLane="0" departPos="random_free" departSpeed="0.0" arrivalLane="0" arrivalPos="max" arrivalSpeed="0.0"/>
    <trip  id="86" type="passenger1" depart="1766" from="19623564#0" to="-100281069#5" departLane="0" departPos="random_free" departSpeed="0.0" arrivalLane="0" arrivalPos="max" arrivalSpeed="0.0"/>
    <trip  id="178" type="passenger1" depart="1780" from="-398903630#2" to="165538136#9" departLane="0" departPos="random_free" departSpeed="0.0" arrivalLane="0" arrivalPos="max" arrivalSpeed="0.0"/>
    <trip  id="163" type="passenger1" depart="1791" from="-25887664#12" to="130097888#9" departLane="0" departPos="random_free" departSpeed="0.0" arrivalLane="0" arrivalPos="max" arrivalSpeed="0.0"/>
    <trip  id="58" type="passenger1" depart="1801" from="130097888#16" to="-19615846#2" departLane="0" departPos="random_free" departSpeed="0.0" arrivalLane="0" arrivalPos="max" arrivalSpeed="0.0"/>
    <trip  id="54" type="passenger1" depart="1801" from="-19629452#0" to="398903630#2" departLane="0" departPos="random_free" departSpeed="0.0" arrivalLane="0" arrivalPos="max" arrivalSpeed="0.0"/>
    <trip  id="48" type="passenger1" depart="1830" from="19650621" to="19615292#1" departLane="0" departPos="random_free" departSpeed="0.0" arrivalLane="0" arrivalPos="max" arrivalSpeed="0.0"/>
    <trip  id="38" type="passenger1" depart="1837" from="-19629452#0" to="19623564#0" departLane="0" departPos="random_free" departSpeed="0.0" arrivalLane="0" arrivalPos="max" arrivalSpeed="0.0"/>
    <trip  id="70" type="passenger1" depart="1843" from="-130097888#11" to="38728369#21" departLane="0" departPos="random_free" departSpeed="0.0" arrivalLane="0" arrivalPos="max" arrivalSpeed="0.0"/>
    <trip  id="150" type="passenger1" depart="1851" from="19620444#3" to="165538136#8" departLane="0" departPos="random_free" departSpeed="0.0" arrivalLane="0" arrivalPos="max" arrivalSpeed="0.0"/>
    <trip  id="65" type="passenger1" depart="1852" from="-19643255#0" to="-19649418#4" departLane="0" departPos="random_free" departSpeed="0.0" arrivalLane="0" arrivalPos="max" arrivalSpeed="0.0"/>
    <trip  id="129" type="passenger1" depart="1863" from="-19640721#2" to="-19629983#1" departLane="0" departPos="random_free" departSpeed="0.0" arrivalLane="0" arrivalPos="max" arrivalSpeed="0.0"/>
    <trip  id="17" type="passenger1" depart="1870" from="38723155#1" to="97954660#2" departLane="0" departPos="random_free" departSpeed="0.0" arrivalLane="0" arrivalPos="max" arrivalSpeed="0.0"/>
    <trip  id="93" type="passenger1" depart="1873" from="-38728369#32" to="38728369#9" departLane="0" departPos="random_free" departSpeed="0.0" arrivalLane="0" arrivalPos="max" arrivalSpeed="0.0"/>
    <trip  id="105" type="passenger1" depart="1873" from="19615840#0" to="-19623564#2" departLane="0" departPos="random_free" departSpeed="0.0" arrivalLane="0" arrivalPos="max" arrivalSpeed="0.0"/>
    <trip  id="23" type="passenger1" depart="1875" from="38723155#1" to="-19627529#2" departLane="0" departPos="random_free" departSpeed="0.0" arrivalLane="0" arrivalPos="max" arrivalSpeed="0.0"/>
    <trip  id="113" type="passenger1" depart="1908" from="19628050#3" to="-19649020#2" departLane="0" departPos="random_free" departSpeed="0.0" arrivalLane="0" arrivalPos="max" arrivalSpeed="0.0"/>
    <trip  id="95" type="passenger1" depart="1910" from="-38728369#32" to="19618854#2" departLane="0" departPos="random_free" departSpeed="0.0" arrivalLane="0" arrivalPos="max" arrivalSpeed="0.0"/>
    <trip  id="198" type="passenger1" depart="1918" from="100281069#2" to="-19618858#1" departLane="0" departPos="random_free" departSpeed="0.0" arrivalLane="0" arrivalPos="max" arrivalSpeed="0.0"/>
    <trip  id="200" type="passenger1" depart="1927" from="19615846#3" to="19628050#5" departLane="0" departPos="random_free" departSpeed="0.0" arrivalLane="0" arrivalPos="max" arrivalSpeed="0.0"/>
    <trip  id="14" type="passenger1" depart="1956" from="38728369#6" to="19656059" departLane="0" departPos="random_free" departSpeed="0.0" arrivalLane="0" arrivalPos="max" arrivalSpeed="0.0"/>
    <trip  id="115" type="passenger1" depart="1958" from="19645444" to="19627795" departLane="0" departPos="random_free" departSpeed="0.0" arrivalLane="0" arrivalPos="max" arrivalSpeed="0.0"/>
    <trip  id="19" type="passenger1" depart="1978" from="19633324#5" to="-19640721#0" departLane="0" departPos="random_free" departSpeed="0.0" arrivalLane="0" arrivalPos="max" arrivalSpeed="0.0"/>
    <trip  id="69" type="passenger1" depart="1998" from="-38728369#27" to="-38728369#22" departLane="0" departPos="random_free" departSpeed="0.0" arrivalLane="0" arrivalPos="max" arrivalSpeed="0.0"/>
    <trip  id="98" type="passenger1" depart="2015" from="19628050#0" to="-130097888#16" departLane="0" departPos="random_free" departSpeed="0.0" arrivalLane="0" arrivalPos="max" arrivalSpeed="0.0"/>
    <trip  id="46" type="passenger1" depart="2025" from="-19618278#2" to="-19615292#1" departLane="0" departPos="random_free" departSpeed="0.0" arrivalLane="0" arrivalPos="max" arrivalSpeed="0.0"/>
    <trip  id="187" type="passenger1" depart="2109" from="19631505" to="19629452#0" departLane="0" departPos="random_free" departSpeed="0.0" arrivalLane="0" arrivalPos="max" arrivalSpeed="0.0"/>
    <trip  id="39" type="passenger1" depart="2110" from="19618854#7" to="-19608619" departLane="0" departPos="random_free" departSpeed="0.0" arrivalLane="0" arrivalPos="max" arrivalSpeed="0.0"/>
    <trip  id="13" type="passenger1" depart="2114" from="19631509#4" to="303684598" departLane="0" departPos="random_free" departSpeed="0.0" arrivalLane="0" arrivalPos="max" arrivalSpeed="0.0"/>
    <trip  id="20" type="passenger1" depart="2120" from="-130097888#19" to="19615292#0" departLane="0" departPos="random_free" departSpeed="0.0" arrivalLane="0" arrivalPos="max" arrivalSpeed="0.0"/>
    <trip  id="201" type="passenger1" depart="2150" from="165538136#9" to="19615292#1" departLane="0" departPos="random_free" departSpeed="0.0" arrivalLane="0" arrivalPos="max" arrivalSpeed="0.0"/>
    <trip  id="9" type="passenger1" depart="2160" from="-19633324#6" to="19641153" departLane="0" departPos="random_free" departSpeed="0.0" arrivalLane="0" arrivalPos="max" arrivalSpeed="0.0"/>
    <trip  id="60" type="passenger1" depart="2164" from="19646568#1" to="-100281069#1" departLane="0" departPos="random_free" departSpeed="0.0" arrivalLane="0" arrivalPos="max" arrivalSpeed="0.0"/>
    <trip  id="25" type="passenger1" depart="2205" from="-19631509#3" to="398903630#3" departLane="0" departPos="random_free" departSpeed="0.0" arrivalLane="0" arrivalPos="max" arrivalSpeed="0.0"/>
    <trip  id="199" type="passenger1" depart="2224" from="-165538136#9" to="-19618218" departLane="0" departPos="random_free" departSpeed="0.0" arrivalLane="0" arrivalPos="max" arrivalSpeed="0.0"/>
    <trip  id="47" type="passenger1" depart="2230" from="-19629983#2" to="38723103#4" departLane="0" departPos="random_free" departSpeed="0.0" arrivalLane="0" arrivalPos="max" arrivalSpeed="0.0"/>
    <trip  id="197" type="passenger1" depart="2280" from="-100281069#4" to="-19628050#7" departLane="0" departPos="random_free" departSpeed="0.0" arrivalLane="0" arrivalPos="max" arrivalSpeed="0.0"/>
    <trip  id="132" type="passenger1" depart="2294" from="25887664#4" to="-19623564#2" departLane="0" departPos="random_free" departSpeed="0.0" arrivalLane="0" arrivalPos="max" arrivalSpeed="0.0"/>
    <trip  id="18" type="passenger1" depart="2297" from="19645442#1" to="19615806#1" departLane="0" departPos="random_free" departSpeed="0.0" arrivalLane="0" arrivalPos="max" arrivalSpeed="0.0"/>
    <trip  id="133" type="passenger1" depart="2320" from="-38723103#3" to="-19632204#1" departLane="0" departPos="random_free" departSpeed="0.0" arrivalLane="0" arrivalPos="max" arrivalSpeed="0.0"/>
    <trip  id="26" type="passenger1" depart="2328" from="-19633324#6" to="19644607#1" departLane="0" departPos="random_free" departSpeed="0.0" arrivalLane="0" arrivalPos="max" arrivalSpeed="0.0"/>
    <trip  id="155" type="passenger1" depart="2331" from="-19626112#0" to="-38728369#9" departLane="0" departPos="random_free" departSpeed="0.0" arrivalLane="0" arrivalPos="max" arrivalSpeed="0.0"/>
    <trip  id="102" type="passenger1" depart="2351" from="19643688" to="19629027#0" departLane="0" departPos="random_free" departSpeed="0.0" arrivalLane="0" arrivalPos="max" arrivalSpeed="0.0"/>
    <trip  id="52" type="passenger1" depart="2408" from="19618278#3" to="19627529#2" departLane="0" departPos="random_free" departSpeed="0.0" arrivalLane="0" arrivalPos="max" arrivalSpeed="0.0"/>
    <trip  id="12" type="passenger1" depart="2415" from="19631509#4" to="19645123#0" departLane="0" departPos="random_free" departSpeed="0.0" arrivalLane="0" arrivalPos="max" arrivalSpeed="0.0"/>
    <trip  id="94" type="passenger1" depart="2416" from="19628050#8" to="-19649418#0" departLane="0" departPos="random_free" departSpeed="0.0" arrivalLane="0" arrivalPos="max" arrivalSpeed="0.0"/>
    <trip  id="135" type="passenger1" depart="2506" from="-25887664#4" to="19616957" departLane="0" departPos="random_free" departSpeed="0.0" arrivalLane="0" arrivalPos="max" arrivalSpeed="0.0"/>
    <trip  id="151" type="passenger1" depart="2542" from="-38723103#7" to="38728369#6" departLane="0" departPos="random_free" departSpeed="0.0" arrivalLane="0" arrivalPos="max" arrivalSpeed="0.0"/>
    <trip  id="114" type="passenger1" depart="2549" from="-19658213#0" to="398903630#3" departLane="0" departPos="random_free" departSpeed="0.0" arrivalLane="0" arrivalPos="max" arrivalSpeed="0.0"/>
    <trip  id="11" type="passenger1" depart="2580" from="-19633324#6" to="130097888#3" departLane="0" departPos="random_free" departSpeed="0.0" arrivalLane="0" arrivalPos="max" arrivalSpeed="0.0"/>
    <trip  id="158" type="passenger1" depart="2612" from="-19627529#2" to="-38728369#20" departLane="0" departPos="random_free" departSpeed="0.0" arrivalLane="0" arrivalPos="max" arrivalSpeed="0.0"/>
    <trip  id="32" type="passenger1" depart="2655" from="-38728369#22" to="130097888#20" departLane="0" departPos="random_free" departSpeed="0.0" arrivalLane="0" arrivalPos="max" arrivalSpeed="0.0"/>
    <trip  id="8" type="passenger1" depart="2724" from="19645442#2" to="19623564#3" departLane="0" departPos="random_free" departSpeed="0.0" arrivalLane="0" arrivalPos="max" arrivalSpeed="0.0"/>
    <trip  id="185" type="passenger1" depart="2755" from="-100281069#6" to="-19649418#4" departLane="0" departPos="random_free" departSpeed="0.0" arrivalLane="0" arrivalPos="max" arrivalSpeed="0.0"/>
    <trip  id="140" type="passenger1" depart="2759" from="-38723103#3" to="-19618218" departLane="0" departPos="random_free" departSpeed="0.0" arrivalLane="0" arrivalPos="max" arrivalSpeed="0.0"/>
    <trip  id="22" type="passenger1" depart="2773" from="-19645442#1" to="-19642356" departLane="0" departPos="random_free" departSpeed="0.0" arrivalLane="0" arrivalPos="max" arrivalSpeed="0.0"/>
    <trip  id="203" type="passenger1" depart="2834" from="19631505" to="-19615806#0" departLane="0" departPos="random_free" departSpeed="0.0" arrivalLane="0" arrivalPos="max" arrivalSpeed="0.0"/>
    <trip  id="83" type="passenger1" depart="2848" from="19629027#0" to="-38723103#7" departLane="0" departPos="random_free" departSpeed="0.0" arrivalLane="0" arrivalPos="max" arrivalSpeed="0.0"/>
    <trip  id="100" type="passenger1" depart="2889" from="303684598" to="-19637107#0" departLane="0" departPos="random_free" departSpeed="0.0" arrivalLane="0" arrivalPos="max" arrivalSpeed="0.0"/>
    <trip  id="204" type="passenger1" depart="2920" from="19648519#3" to="19639004#1" departLane="0" departPos="random_free" departSpeed="0.0" arrivalLane="0" arrivalPos="max" arrivalSpeed="0.0"/>
    <trip  id="108" type="passenger1" depart="2954" from="19648519#0" to="-19615292#0" departLane="0" departPos="random_free" departSpeed="0.0" arrivalLane="0" arrivalPos="max" arrivalSpeed="0.0"/>
    <trip  id="172" type="passenger1" depart="2977" from="38723103#7" to="496328339#2" departLane="0" departPos="random_free" departSpeed="0.0" arrivalLane="0" arrivalPos="max" arrivalSpeed="0.0"/>
    <trip  id="123" type="passenger1" depart="3002" from="19640721#1" to="-19633324#8" departLane="0" departPos="random_free" departSpeed="0.0" arrivalLane="0" arrivalPos="max" arrivalSpeed="0.0"/>
    <trip  id="130" type="passenger1" depart="3034" from="19639004#2" to="-19612427" departLane="0" departPos="random_free" departSpeed="0.0" arrivalLane="0" arrivalPos="max" arrivalSpeed="0.0"/>
    <trip  id="191" type="passenger1" depart="3035" from="100281069#3" to="-19629027#1" departLane="0" departPos="random_free" departSpeed="0.0" arrivalLane="0" arrivalPos="max" arrivalSpeed="0.0"/>
    <trip  id="110" type="passenger1" depart="3040" from="398895505" to="25887664#7" departLane="0" departPos="random_free" departSpeed="0.0" arrivalLane="0" arrivalPos="max" arrivalSpeed="0.0"/>
    <trip  id="177" type="passenger1" depart="3043" from="38723103#7" to="-19615846#1" departLane="0" departPos="random_free" departSpeed="0.0" arrivalLane="0" arrivalPos="max" arrivalSpeed="0.0"/>
    <trip  id="181" type="passenger1" depart="3091" from="-19631493#0" to="19631509#3" departLane="0" departPos="random_free" departSpeed="0.0" arrivalLane="0" arrivalPos="max" arrivalSpeed="0.0"/>
    <trip  id="66" type="passenger1" depart="3117" from="-19643255#0" to="19629983#2" departLane="0" departPos="random_free" departSpeed="0.0" arrivalLane="0" arrivalPos="max" arrivalSpeed="0.0"/>
    <trip  id="45" type="passenger1" depart="3138" from="-130097888#17" to="19648519#0" departLane="0" departPos="random_free" departSpeed="0.0" arrivalLane="0" arrivalPos="max" arrivalSpeed="0.0"/>
    <trip  id="188" type="passenger1" depart="3141" from="-19648519#3" to="-19642013#0" departLane="0" departPos="random_free" departSpeed="0.0" arrivalLane="0" arrivalPos="max" arrivalSpeed="0.0"/>
    <trip  id="79" type="passenger1" depart="3161" from="19629027#2" to="-97954660#2" departLane="0" departPos="random_free" departSpeed="0.0" arrivalLane="0" arrivalPos="max" arrivalSpeed="0.0"/>
    <trip  id="62" type="passenger1" depart="3169" from="-130097888#11" to="38728369#6" departLane="0" departPos="random_free" departSpeed="0.0" arrivalLane="0" arrivalPos="max" arrivalSpeed="0.0"/>
    <trip  id="116" type="passenger1" depart="3188" from="-19628050#7" to="100281069#4" departLane="0" departPos="random_free" departSpeed="0.0" arrivalLane="0" arrivalPos="max" arrivalSpeed="0.0"/>
    <trip  id="144" type="passenger1" depart="3206" from="-496328339#1" to="398903630#3" departLane="0" departPos="random_free" departSpeed="0.0" arrivalLane="0" arrivalPos="max" arrivalSpeed="0.0"/>
    <trip  id="165" type="passenger1" depart="3211" from="19649020#1" to="-19623564#3" departLane="0" departPos="random_free" departSpeed="0.0" arrivalLane="0" arrivalPos="max" arrivalSpeed="0.0"/>
    <trip  id="119" type="passenger1" depart="3265" from="-19628050#1" to="-165538136#6" departLane="0" departPos="random_free" departSpeed="0.0" arrivalLane="0" arrivalPos="max" arrivalSpeed="0.0"/>
    <trip  id="192" type="passenger1" depart="3269" from="165538136#7" to="19643255#0" departLane="0" departPos="random_free" departSpeed="0.0" arrivalLane="0" arrivalPos="max" arrivalSpeed="0.0"/>
    <trip  id="141" type="passenger1" depart="3274" from="-25887664#6" to="19649020#0" departLane="0" departPos="random_free" departSpeed="0.0" arrivalLane="0" arrivalPos="max" arrivalSpeed="0.0"/>
    <trip  id="174" type="passenger1" depart="3282" from="398903630#2" to="19615292#0" departLane="0" departPos="random_free" departSpeed="0.0" arrivalLane="0" arrivalPos="max" arrivalSpeed="0.0"/>
    <trip  id="43" type="passenger1" depart="3288" from="19629453" to="19628050#0" departLane="0" departPos="random_free" departSpeed="0.0" arrivalLane="0" arrivalPos="max" arrivalSpeed="0.0"/>
    <trip  id="205" type="passenger1" depart="3353" from="-165538136#7" to="-25887664#4" departLane="0" departPos="random_free" departSpeed="0.0" arrivalLane="0" arrivalPos="max" arrivalSpeed="0.0"/>
    <trip  id="72" type="passenger1" depart="3372" from="38728369#28" to="-19628050#3" departLane="0" departPos="random_free" departSpeed="0.0" arrivalLane="0" arrivalPos="max" arrivalSpeed="0.0"/>
    <trip  id="189" type="passenger1" depart="3454" from="-19615846#1" to="19646568#1" departLane="0" departPos="random_free" departSpeed="0.0" arrivalLane="0" arrivalPos="max" arrivalSpeed="0.0"/>
    <trip  id="61" type="passenger1" depart="3482" from="19623564#0" to="38728369#8" departLane="0" departPos="random_free" departSpeed="0.0" arrivalLane="0" arrivalPos="max" arrivalSpeed="0.0"/>
    <trip  id="121" type="passenger1" depart="3493" from="-19639004#1" to="-38723155#0" departLane="0" departPos="random_free" departSpeed="0.0" arrivalLane="0" arrivalPos="max" arrivalSpeed="0.0"/>
    <trip  id="21" type="passenger1" depart="3498" from="-19649418#3" to="19649020#1" departLane="0" departPos="random_free" departSpeed="0.0" arrivalLane="0" arrivalPos="max" arrivalSpeed="0.0"/>
    <trip  id="28" type="passenger1" depart="3506" from="38723155#1" to="-100281069#1" departLane="0" departPos="random_free" departSpeed="0.0" arrivalLane="0" arrivalPos="max" arrivalSpeed="0.0"/>
    <trip  id="75" type="passenger1" depart="3513" from="19623564#2" to="19643688" departLane="0" departPos="random_free" departSpeed="0.0" arrivalLane="0" arrivalPos="max" arrivalSpeed="0.0"/>
    <trip  id="109" type="passenger1" depart="3523" from="19656059" to="496328339#1" departLane="0" departPos="random_free" departSpeed="0.0" arrivalLane="0" arrivalPos="max" arrivalSpeed="0.0"/>
    <trip  id="148" type="passenger1" depart="3528" from="19640721#3" to="19625898#0" departLane="0" departPos="random_free" departSpeed="0.0" arrivalLane="0" arrivalPos="max" arrivalSpeed="0.0"/>
    <trip  id="73" type="passenger1" depart="3539" from="-130097888#9" to="19628050#0" departLane="0" departPos="random_free" departSpeed="0.0" arrivalLane="0" arrivalPos="max" arrivalSpeed="0.0"/>
    <trip  id="202" type="passenger1" depart="3551" from="165538136#8" to="38723103#3" departLane="0" departPos="random_free" departSpeed="0.0" arrivalLane="0" arrivalPos="max" arrivalSpeed="0.0"/>
    <trip  id="68" type="passenger1" depart="3564" from="-19641153" to="-19650621" departLane="0" departPos="random_free" departSpeed="0.0" arrivalLane="0" arrivalPos="max" arrivalSpeed="0.0"/>
    <trip  id="51" type="passenger1" depart="3567" from="19629452#0" to="-19626112#0" departLane="0" departPos="random_free" departSpeed="0.0" arrivalLane="0" arrivalPos="max" arrivalSpeed="0.0"/>
    <trip  id="134" type="passenger1" depart="3573" from="-19615806#0" to="19643255#1" departLane="0" departPos="random_free" departSpeed="0.0" arrivalLane="0" arrivalPos="max" arrivalSpeed="0.0"/>
</trips>
