<?xml version="1.0" encoding="UTF-8"?>
<tlLogics>
    <tlLogic  id="203651779" programID="0" type="actuated" offset="0">
        <phase  duration="27" minDur="21" maxDur="50" state="rrrrrGGGggrrrrrGGGgg"/>
        <phase  duration="6" minDur="15" maxDur="15" state="rrrrryyyggrrrrryyygg"/>
        <phase  duration="6" minDur="21" maxDur="50" state="rrrrrrrrGGrrrrrrrrGG"/>
        <phase  duration="6" minDur="15" maxDur="15" state="rrrrrrrryyrrrrrrrryy"/>
        <phase  duration="27" minDur="21" maxDur="50" state="GGGggrrrrrGGGggrrrrr"/>
        <phase  duration="6" minDur="15" maxDur="15" state="yyyggrrrrryyyggrrrrr"/>
        <phase  duration="6" minDur="21" maxDur="50" state="rrrGGrrrrrrrrGGrrrrr"/>
        <phase  duration="6" minDur="15" maxDur="15" state="rrryyrrrrrrrryyrrrrr"/>
    </tlLogic>
    <tlLogic  id="203651865" programID="0" type="actuated" offset="0">
        <phase  duration="27" minDur="15" maxDur="50" state="rrrrrGGGggrrrrrGGGgg"/>
        <phase  duration="6" minDur="16" maxDur="16" state="rrrrryyyggrrrrryyygg"/>
        <phase  duration="6" minDur="21" maxDur="50" state="rrrrrrrrGGrrrrrrrrGG"/>
        <phase  duration="6" minDur="16" maxDur="16" state="rrrrrrrryyrrrrrrrryy"/>
        <phase  duration="27" minDur="21" maxDur="50" state="GGGggrrrrrGGGggrrrrr"/>
        <phase  duration="6" minDur="16" maxDur="16" state="yyyggrrrrryyyggrrrrr"/>
        <phase  duration="6" minDur="21" maxDur="50" state="rrrGGrrrrrrrrGGrrrrr"/>
        <phase  duration="6" minDur="16" maxDur="16" state="rrryyrrrrrrrryyrrrrr"/>
    </tlLogic>
    <tlLogic  id="203651897" programID="0" type="actuated" offset="0">
        <phase  duration="33" minDur="15" maxDur="50" state="GGggrrrGGGg"/>
        <phase  duration="6" minDur="16" maxDur="16" state="yyggrrryyyg"/>
        <phase  duration="6" minDur="15" maxDur="50" state="rrGGrrrrrrG"/>
        <phase  duration="6" minDur="16" maxDur="16" state="rryyrrrrrry"/>
        <phase  duration="33" minDur="15" maxDur="50" state="rrrrGGgGrrr"/>
        <phase  duration="6" minDur="16" maxDur="16" state="rrrryyyyrrr"/>
    </tlLogic>
    <tlLogic  id="203733732" programID="0" type="actuated" offset="0">
        <phase  duration="33" minDur="5" maxDur="50" state="rrrrrGGGGgrrrrrGGGGg"/>
        <phase  duration="6" minDur="6" maxDur="6" state="rrrrryyyyyrrrrryyyyy"/>
        <phase  duration="33" minDur="5" maxDur="50" state="GGGggrrrrrGGGggrrrrr"/>
        <phase  duration="6" minDur="6" maxDur="6" state="yyyggrrrrryyyggrrrrr"/>
        <phase  duration="6" minDur="5" maxDur="50" state="rrrGGrrrrrrrrGGrrrrr"/>
        <phase  duration="6" minDur="6" maxDur="6" state="rrryyrrrrrrrryyrrrrr"/>
    </tlLogic>
    <tlLogic  id="203777568" programID="0" type="actuated" offset="0">
        <phase  duration="27" minDur="15" maxDur="50" state="GGggrrrrGGggrrrr"/>
        <phase  duration="6" minDur="16" maxDur="16" state="yyggrrrryyggrrrr"/>
        <phase  duration="6" minDur="15" maxDur="50" state="rrGGrrrrrrGGrrrr"/>
        <phase  duration="6" minDur="16" maxDur="16" state="rryyrrrrrryyrrrr"/>
        <phase  duration="27" minDur="15" maxDur="50" state="rrrrGGggrrrrGGgg"/>
        <phase  duration="6" minDur="16" maxDur="16" state="rrrryyggrrrryygg"/>
        <phase  duration="6" minDur="15" maxDur="50" state="rrrrrrGGrrrrrrGG"/>
        <phase  duration="6" minDur="16" maxDur="16" state="rrrrrryyrrrrrryy"/>
    </tlLogic>
  <connection  from="-19633324#8" to="-38728369#5" fromLane="0" toLane="0" tl="203651779" linkIndex="0"/>
  <connection  from="-19633324#8" to="-19633324#6" fromLane="0" toLane="0" tl="203651779" linkIndex="1"/>
  <connection  from="-19633324#8" to="-19633324#6" fromLane="0" toLane="0" tl="203651779" linkIndex="2"/>
  <connection  from="-19633324#8" to="38728369#6" fromLane="0" toLane="0" tl="203651779" linkIndex="3"/>
  <connection  from="-19633324#8" to="19633324#7" fromLane="0" toLane="0" tl="203651779" linkIndex="4"/>
  <connection  from="-38728369#7" to="19633324#7" fromLane="0" toLane="0" tl="203651779" linkIndex="5"/>
  <connection  from="-38728369#7" to="-38728369#5" fromLane="0" toLane="0" tl="203651779" linkIndex="6"/>
  <connection  from="-38728369#7" to="-38728369#5" fromLane="0" toLane="0" tl="203651779" linkIndex="7"/>
  <connection  from="-38728369#7" to="-19633324#6" fromLane="0" toLane="0" tl="203651779" linkIndex="8"/>
  <connection  from="-38728369#7" to="38728369#6" fromLane="0" toLane="0" tl="203651779" linkIndex="9"/>
  <connection  from="19633324#5" to="38728369#6" fromLane="0" toLane="0" tl="203651779" linkIndex="10"/>
  <connection  from="19633324#5" to="19633324#7" fromLane="0" toLane="0" tl="203651779" linkIndex="11"/>
  <connection  from="19633324#5" to="19633324#7" fromLane="0" toLane="0" tl="203651779" linkIndex="12"/>
  <connection  from="19633324#5" to="-38728369#5" fromLane="0" toLane="0" tl="203651779" linkIndex="13"/>
  <connection  from="19633324#5" to="-19633324#6" fromLane="0" toLane="0" tl="203651779" linkIndex="14"/>
  <connection  from="38728369#4" to="-19633324#6" fromLane="0" toLane="0" tl="203651779" linkIndex="15"/>
  <connection  from="38728369#4" to="38728369#6" fromLane="0" toLane="0" tl="203651779" linkIndex="16"/>
  <connection  from="38728369#4" to="38728369#6" fromLane="0" toLane="0" tl="203651779" linkIndex="17"/>
  <connection  from="38728369#4" to="19633324#7" fromLane="0" toLane="0" tl="203651779" linkIndex="18"/>
  <connection  from="38728369#4" to="-38728369#5" fromLane="0" toLane="0" tl="203651779" linkIndex="19"/>
  <connection  from="-19623564#5" to="-38728369#27" fromLane="0" toLane="0" tl="203651865" linkIndex="0"/>
  <connection  from="-19623564#5" to="-19623564#3" fromLane="0" toLane="0" tl="203651865" linkIndex="1"/>
  <connection  from="-19623564#5" to="-19623564#3" fromLane="0" toLane="0" tl="203651865" linkIndex="2"/>
  <connection  from="-19623564#5" to="38728369#28" fromLane="0" toLane="0" tl="203651865" linkIndex="3"/>
  <connection  from="-19623564#5" to="19623564#4" fromLane="0" toLane="0" tl="203651865" linkIndex="4"/>
  <connection  from="-38728369#28" to="19623564#4" fromLane="0" toLane="0" tl="203651865" linkIndex="5"/>
  <connection  from="-38728369#28" to="-38728369#27" fromLane="0" toLane="0" tl="203651865" linkIndex="6"/>
  <connection  from="-38728369#28" to="-38728369#27" fromLane="0" toLane="0" tl="203651865" linkIndex="7"/>
  <connection  from="-38728369#28" to="-19623564#3" fromLane="0" toLane="0" tl="203651865" linkIndex="8"/>
  <connection  from="-38728369#28" to="38728369#28" fromLane="0" toLane="0" tl="203651865" linkIndex="9"/>
  <connection  from="19623564#3" to="38728369#28" fromLane="0" toLane="0" tl="203651865" linkIndex="10"/>
  <connection  from="19623564#3" to="19623564#4" fromLane="0" toLane="0" tl="203651865" linkIndex="11"/>
  <connection  from="19623564#3" to="19623564#4" fromLane="0" toLane="0" tl="203651865" linkIndex="12"/>
  <connection  from="19623564#3" to="-38728369#27" fromLane="0" toLane="0" tl="203651865" linkIndex="13"/>
  <connection  from="19623564#3" to="-19623564#3" fromLane="0" toLane="0" tl="203651865" linkIndex="14"/>
  <connection  from="38728369#27" to="-19623564#3" fromLane="0" toLane="0" tl="203651865" linkIndex="15"/>
  <connection  from="38728369#27" to="38728369#28" fromLane="0" toLane="0" tl="203651865" linkIndex="16"/>
  <connection  from="38728369#27" to="38728369#28" fromLane="0" toLane="0" tl="203651865" linkIndex="17"/>
  <connection  from="38728369#27" to="19623564#4" fromLane="0" toLane="0" tl="203651865" linkIndex="18"/>
  <connection  from="38728369#27" to="-38728369#27" fromLane="0" toLane="0" tl="203651865" linkIndex="19"/>
  <connection  from="-38728369#35" to="-38728369#34" fromLane="0" toLane="0" tl="203651897" linkIndex="0"/>
  <connection  from="-38728369#35" to="-38728369#34" fromLane="0" toLane="0" tl="203651897" linkIndex="1"/>
  <connection  from="-38728369#35" to="-19628050#8" fromLane="0" toLane="0" tl="203651897" linkIndex="2"/>
  <connection  from="-38728369#35" to="38728369#35" fromLane="0" toLane="0" tl="203651897" linkIndex="3"/>
  <connection  from="19628050#8" to="38728369#35" fromLane="0" toLane="0" tl="203651897" linkIndex="4"/>
  <connection  from="19628050#8" to="-38728369#34" fromLane="0" toLane="0" tl="203651897" linkIndex="5"/>
  <connection  from="19628050#8" to="-19628050#8" fromLane="0" toLane="0" tl="203651897" linkIndex="6"/>
  <connection  from="38728369#34" to="-19628050#8" fromLane="0" toLane="0" tl="203651897" linkIndex="7"/>
  <connection  from="38728369#34" to="38728369#35" fromLane="0" toLane="0" tl="203651897" linkIndex="8"/>
  <connection  from="38728369#34" to="38728369#35" fromLane="0" toLane="0" tl="203651897" linkIndex="9"/>
  <connection  from="38728369#34" to="-38728369#34" fromLane="0" toLane="0" tl="203651897" linkIndex="10"/>
  <connection  from="398901242#4" to="-100281069#7" fromLane="0" toLane="0" tl="203733732" linkIndex="0"/>
  <connection  from="398901242#4" to="19637684#0" fromLane="0" toLane="0" tl="203733732" linkIndex="1"/>
  <connection  from="398901242#4" to="19637684#0" fromLane="0" toLane="0" tl="203733732" linkIndex="2"/>
  <connection  from="398901242#4" to="398901243#0" fromLane="0" toLane="0" tl="203733732" linkIndex="3"/>
  <connection  from="398901242#4" to="-398901242#4" fromLane="0" toLane="0" tl="203733732" linkIndex="4"/>
  <connection  from="-398901243#0" to="-398901242#4" fromLane="0" toLane="0" tl="203733732" linkIndex="5"/>
  <connection  from="-398901243#0" to="-100281069#7" fromLane="0" toLane="0" tl="203733732" linkIndex="6"/>
  <connection  from="-398901243#0" to="-100281069#7" fromLane="0" toLane="0" tl="203733732" linkIndex="7"/>
  <connection  from="-398901243#0" to="-100281069#7" fromLane="0" toLane="0" tl="203733732" linkIndex="8"/>
  <connection  from="-398901243#0" to="398901243#0" fromLane="0" toLane="0" tl="203733732" linkIndex="9"/>
  <connection  from="-19637684#0" to="398901243#0" fromLane="0" toLane="0" tl="203733732" linkIndex="10"/>
  <connection  from="-19637684#0" to="-398901242#4" fromLane="0" toLane="0" tl="203733732" linkIndex="11"/>
  <connection  from="-19637684#0" to="-398901242#4" fromLane="0" toLane="0" tl="203733732" linkIndex="12"/>
  <connection  from="-19637684#0" to="-100281069#7" fromLane="0" toLane="0" tl="203733732" linkIndex="13"/>
  <connection  from="-19637684#0" to="19637684#0" fromLane="0" toLane="0" tl="203733732" linkIndex="14"/>
  <connection  from="100281069#7" to="19637684#0" fromLane="0" toLane="0" tl="203733732" linkIndex="15"/>
  <connection  from="100281069#7" to="398901243#0" fromLane="0" toLane="0" tl="203733732" linkIndex="16"/>
  <connection  from="100281069#7" to="398901243#0" fromLane="0" toLane="0" tl="203733732" linkIndex="17"/>
  <connection  from="100281069#7" to="398901243#0" fromLane="0" toLane="0" tl="203733732" linkIndex="18"/>
  <connection  from="100281069#7" to="-100281069#7" fromLane="0" toLane="0" tl="203733732" linkIndex="19"/>
  <connection  from="-19628050#0" to="130097888#2" fromLane="0" toLane="0" tl="203777568" linkIndex="0"/>
  <connection  from="-19628050#0" to="398901242#0" fromLane="0" toLane="0" tl="203777568" linkIndex="1"/>
  <connection  from="-19628050#0" to="-130097888#1" fromLane="0" toLane="0" tl="203777568" linkIndex="2"/>
  <connection  from="-19628050#0" to="19628050#0" fromLane="0" toLane="0" tl="203777568" linkIndex="3"/>
  <connection  from="130097888#0" to="19628050#0" fromLane="0" toLane="0" tl="203777568" linkIndex="4"/>
  <connection  from="130097888#0" to="130097888#2" fromLane="0" toLane="0" tl="203777568" linkIndex="5"/>
  <connection  from="130097888#0" to="398901242#0" fromLane="0" toLane="0" tl="203777568" linkIndex="6"/>
  <connection  from="130097888#0" to="-130097888#1" fromLane="0" toLane="0" tl="203777568" linkIndex="7"/>
  <connection  from="-398901242#0" to="-130097888#1" fromLane="0" toLane="0" tl="203777568" linkIndex="8"/>
  <connection  from="-398901242#0" to="19628050#0" fromLane="0" toLane="0" tl="203777568" linkIndex="9"/>
  <connection  from="-398901242#0" to="130097888#2" fromLane="0" toLane="0" tl="203777568" linkIndex="10"/>
  <connection  from="-398901242#0" to="398901242#0" fromLane="0" toLane="0" tl="203777568" linkIndex="11"/>
  <connection  from="-130097888#2" to="398901242#0" fromLane="0" toLane="0" tl="203777568" linkIndex="12"/>
  <connection  from="-130097888#2" to="-130097888#1" fromLane="0" toLane="0" tl="203777568" linkIndex="13"/>
  <connection  from="-130097888#2" to="19628050#0" fromLane="0" toLane="0" tl="203777568" linkIndex="14"/>
  <connection  from="-130097888#2" to="130097888#2" fromLane="0" toLane="0" tl="203777568" linkIndex="15"/>
</tlLogics>
