<?xml version="1.0"?>
<configuration xmlns:xsi="http://www.w3.org/2001/XMLSchema-instance" xsi:noNamespaceSchemaLocation="http://sumo.sf.net/xsd/sumoConfiguration.xsd">
<input>
  <net-file value="/home/xian/memphis-0206/osm.net.xml"/>
  <route-files value="/home/xian/memphis-0206/osm.rou.xml"/>
  <additional-files value="osm.poly.xml,/home/xian/memphis-0206/osm.add.xml" />
</input>

<time>
    <begin value="0.0"/>
    <end value="3600.0"/>
</time>
        <time-to-teleport value="-1"/>
<seed value="0"/>
<step-length value="0.2"/>
<ignore-route-errors value="True"/>
<pedestrian.model value="striping"/>
<output>
<vehroute-output value="/home/xian/memphis-0206/osm.out.roudata.xml"/>
<tripinfo-output value="/home/xian/memphis-0206/osm.out.tripdata.xml"/>
</output>
</configuration>
