<?xml version="1.0" encoding="UTF-8"?>
<nodes  version="0.27">
  <location  netOffset="-224272.48,-3889867.94" projParameter="+proj=utm +zone=16 +ellps=WGS84 +datum=WGS84 +units=m +no_defs" convBoundary="0.0,0.0,3942.08,5572.25" origBoundary="-90.026039,35.114782,-89.983068,35.164898"/>
  <node  id="1235932147" x="3156.98" y="3152.93" z="0.0" type="priority" tlType="none" radius="1.5" keepClear="1"/>
  <node  id="1235932193" x="3015.49" y="3351.85" z="0.0" type="priority" tlType="none" radius="1.5" keepClear="1"/>
  <node  id="1235932207" x="3890.07" y="3529.92" z="0.0" type="dead_end" tlType="none" radius="1.5" keepClear="1"/>
  <node  id="1235932209" x="3533.63" y="3131.34" z="0.0" type="priority" tlType="none" radius="1.5" keepClear="1"/>
  <node  id="1235932243" x="2782.81" y="3123.25" z="0.0" type="priority" tlType="none" radius="1.5" keepClear="1"/>
  <node  id="1235932274" x="2816.27" y="3211.46" z="0.0" type="priority" tlType="none" radius="1.5" keepClear="1"/>
  <node  id="1235932304" x="3169.98" y="3009.23" z="0.0" type="priority" tlType="none" radius="1.5" keepClear="1"/>
  <node  id="1235932369" x="3122.72" y="3279.82" z="0.0" type="priority" tlType="none" radius="1.5" keepClear="1"/>
  <node  id="1235932399" x="2825.16" y="3394.61" z="0.0" type="priority" tlType="none" radius="1.5" keepClear="1"/>
  <node  id="1235932407" x="3079.49" y="3411.85" z="0.0" type="priority" tlType="none" radius="1.5" keepClear="1"/>
  <node  id="1235932516" x="2868.78" y="3359.33" z="0.0" type="right_before_left" tlType="none" radius="1.5" keepClear="1"/>
  <node  id="1433956536" x="1052.35" y="2724.81" z="0.0" type="priority" tlType="none" radius="1.5" keepClear="1"/>
  <node  id="1716039277" x="1487.68" y="4307.25" z="0.0" type="priority" tlType="none" radius="1.5" keepClear="1"/>
  <node  id="1782962499" x="1625.06" y="4335.35" z="0.0" type="priority" tlType="none" radius="1.5" keepClear="1"/>
  <node  id="203629005" x="2601.48" y="2904.25" z="0.0" type="priority" tlType="none" radius="1.5" keepClear="1"/>
  <node  id="203629006" x="2565.14" y="2909.34" z="0.0" type="priority" tlType="none" radius="1.5" keepClear="1"/>
  <node  id="203641485" x="3268.89" y="2280.93" z="0.0" type="priority" tlType="none" radius="1.5" keepClear="1"/>
  <node  id="203641488" x="3506.63" y="2244.58" z="0.0" type="priority" tlType="none" radius="1.5" keepClear="1"/>
  <node  id="203641622" x="717.65" y="2654.16" z="0.0" type="priority" tlType="none" radius="1.5" keepClear="1"/>
  <node  id="203641625" x="885.56" y="2629.08" z="0.0" type="priority" tlType="none" radius="1.5" keepClear="1"/>
  <node  id="203641628" x="1075.92" y="2600.99" z="0.0" type="priority" tlType="none" radius="1.5" keepClear="1"/>
  <node  id="203641633" x="1180.39" y="2586.61" z="0.0" type="priority" tlType="none" radius="1.5" keepClear="1"/>
  <node  id="203641637" x="1283.84" y="2571.48" z="0.0" type="priority" tlType="none" radius="1.5" keepClear="1"/>
  <node  id="203641641" x="1577.33" y="2527.06" z="0.0" type="priority" tlType="none" radius="1.5" keepClear="1"/>
  <node  id="203641643" x="1657.36" y="2515.64" z="0.0" type="priority" tlType="none" radius="1.5" keepClear="1"/>
  <node  id="203641645" x="1916.1" y="2480.5" z="0.0" type="priority" tlType="none" radius="1.5" keepClear="1"/>
  <node  id="203641650" x="2053.65" y="2458.47" z="0.0" type="priority" tlType="none" radius="1.5" keepClear="1"/>
  <node  id="203641697" x="3014.25" y="2298.02" z="0.0" type="priority" tlType="none" radius="1.5" keepClear="1"/>
  <node  id="203641705" x="3099.94" y="2283.9" z="0.0" type="priority" tlType="none" radius="1.5" keepClear="1"/>
  <node  id="203641708" x="3264.6" y="2256.29" z="0.0" type="priority" tlType="none" radius="1.5" keepClear="1"/>
  <node  id="203646976" x="2241.59" y="3072.79" z="0.0" type="priority" tlType="none" radius="1.5" keepClear="1"/>
  <node  id="203646980" x="2232.7" y="3001.66" z="0.0" type="priority" tlType="none" radius="1.5" keepClear="1"/>
  <node  id="203651772" x="814.41" y="3326.88" z="0.0" type="priority" tlType="none" radius="1.5" keepClear="1"/>
  <node  id="203651775" x="845.4" y="3322.83" z="0.0" type="priority" tlType="none" radius="1.5" keepClear="1"/>
  <node  id="203651779" x="986.98" y="3302.32" z="0.0" type="traffic_light" tlType="static" radius="1.5" keepClear="1" tl="203651779"/>
  <node  id="203651787" x="1133.4" y="3281.78" z="0.0" type="priority" tlType="none" radius="1.5" keepClear="1"/>
  <node  id="203651791" x="1173.8" y="3275.22" z="0.0" type="priority" tlType="none" radius="1.5" keepClear="1"/>
  <node  id="203651795" x="1230.23" y="3268.18" z="0.0" type="priority" tlType="none" radius="1.5" keepClear="1"/>
  <node  id="203651799" x="1332.55" y="3255.2" z="0.0" type="priority" tlType="none" radius="1.5" keepClear="1"/>
  <node  id="203651803" x="1379.0" y="3246.91" z="0.0" type="priority" tlType="none" radius="1.5" keepClear="1"/>
  <node  id="203651806" x="1450.77" y="3237.18" z="0.0" type="priority" tlType="none" radius="1.5" keepClear="1"/>
  <node  id="203651809" x="1500.09" y="3230.25" z="0.0" type="priority" tlType="none" radius="1.5" keepClear="1"/>
  <node  id="203651812" x="1532.15" y="3225.61" z="0.0" type="priority" tlType="none" radius="1.5" keepClear="1"/>
  <node  id="203651816" x="1587.11" y="3217.95" z="0.0" type="priority" tlType="none" radius="1.5" keepClear="1"/>
  <node  id="203651827" x="1643.15" y="3210.15" z="0.0" type="priority" tlType="none" radius="1.5" keepClear="1"/>
  <node  id="203651830" x="1696.11" y="3202.66" z="0.0" type="priority" tlType="none" radius="1.5" keepClear="1"/>
  <node  id="203651833" x="1762.96" y="3196.2" z="0.0" type="priority" tlType="none" radius="1.5" keepClear="1"/>
  <node  id="203651840" x="1868.77" y="3181.0" z="0.0" type="priority" tlType="none" radius="1.5" keepClear="1"/>
  <node  id="203651842" x="1899.46" y="3176.52" z="0.0" type="priority" tlType="none" radius="1.5" keepClear="1"/>
  <node  id="203651845" x="2019.05" y="3152.72" z="0.0" type="priority" tlType="none" radius="1.5" keepClear="1"/>
  <node  id="203651849" x="2093.66" y="3152.0" z="0.0" type="priority" tlType="none" radius="1.5" keepClear="1"/>
  <node  id="203651853" x="2145.57" y="3146.32" z="0.0" type="priority" tlType="none" radius="1.5" keepClear="1"/>
  <node  id="203651856" x="2206.61" y="3137.82" z="0.0" type="priority" tlType="none" radius="1.5" keepClear="1"/>
  <node  id="203651860" x="2251.67" y="3131.57" z="0.0" type="priority" tlType="none" radius="1.5" keepClear="1"/>
  <node  id="203651863" x="2320.33" y="3124.61" z="0.0" type="priority" tlType="none" radius="1.5" keepClear="1"/>
  <node  id="203651865" x="2502.89" y="3101.67" z="0.0" type="traffic_light" tlType="static" radius="1.5" keepClear="1" tl="203651865"/>
  <node  id="203651868" x="2621.66" y="3086.54" z="0.0" type="priority" tlType="none" radius="1.5" keepClear="1"/>
  <node  id="203651873" x="2756.8" y="3067.03" z="0.0" type="priority" tlType="none" radius="1.5" keepClear="1"/>
  <node  id="203651879" x="2855.48" y="3054.17" z="0.0" type="priority" tlType="none" radius="1.5" keepClear="1"/>
  <node  id="203651882" x="2969.69" y="3035.97" z="0.0" type="priority" tlType="none" radius="1.5" keepClear="1"/>
  <node  id="203651886" x="3101.69" y="3018.82" z="0.0" type="priority" tlType="none" radius="1.5" keepClear="1"/>
  <node  id="203651897" x="3367.35" y="2982.91" z="0.0" type="traffic_light" tlType="static" radius="1.5" keepClear="1" tl="203651897"/>
  <node  id="203654612" x="1955.56" y="3795.27" z="0.0" type="priority" tlType="none" radius="1.5" keepClear="1"/>
  <node  id="203654629" x="1813.5" y="2611.2" z="0.0" type="priority" tlType="none" radius="1.5" keepClear="1"/>
  <node  id="203659675" x="2355.39" y="3364.42" z="0.0" type="priority" tlType="none" radius="1.5" keepClear="1"/>
  <node  id="203659705" x="2554.45" y="4713.39" z="0.0" type="priority" tlType="none" radius="1.5" keepClear="1"/>
  <node  id="203661630" x="1517.13" y="2807.73" z="0.0" type="priority" tlType="none" radius="1.5" keepClear="1"/>
  <node  id="203661790" x="1444.22" y="3186.63" z="0.0" type="priority" tlType="none" radius="1.5" keepClear="1"/>
  <node  id="203662177" x="1626.56" y="3831.54" z="0.0" type="priority" tlType="none" radius="1.5" keepClear="1"/>
  <node  id="203662190" x="2183.88" y="3762.39" z="0.0" type="priority" tlType="none" radius="1.5" keepClear="1"/>
  <node  id="203662198" x="2698.67" y="3686.56" z="0.0" type="priority" tlType="none" radius="1.5" keepClear="1"/>
  <node  id="203662202" x="2820.25" y="3668.13" z="0.0" type="priority" tlType="none" radius="1.5" keepClear="1"/>
  <node  id="203664938" x="1380.3" y="2825.98" z="0.0" type="priority" tlType="none" radius="1.5" keepClear="1"/>
  <node  id="203666312" x="2790.93" y="2453.76" z="0.0" type="priority" tlType="none" radius="1.5" keepClear="1"/>
  <node  id="203666316" x="2740.67" y="2461.6" z="0.0" type="priority" tlType="none" radius="1.5" keepClear="1"/>
  <node  id="203670388" x="459.19" y="1859.1" z="0.0" type="priority" tlType="none" radius="1.5" keepClear="1"/>
  <node  id="203670391" x="824.92" y="1832.78" z="0.0" type="priority" tlType="none" radius="1.5" keepClear="1"/>
  <node  id="203670392" x="1148.19" y="1809.66" z="0.0" type="priority" tlType="none" radius="1.5" keepClear="1"/>
  <node  id="203670396" x="1441.12" y="1789.17" z="0.0" type="priority" tlType="none" radius="1.5" keepClear="1"/>
  <node  id="203670403" x="1780.49" y="1763.43" z="0.0" type="priority" tlType="none" radius="1.5" keepClear="1"/>
  <node  id="203670412" x="2919.48" y="1731.85" z="0.0" type="priority" tlType="none" radius="1.5" keepClear="1"/>
  <node  id="203670420" x="3345.29" y="1702.5" z="0.0" type="priority" tlType="none" radius="1.5" keepClear="1"/>
  <node  id="203670451" x="2559.31" y="1732.04" z="0.0" type="priority" tlType="none" radius="1.5" keepClear="1"/>
  <node  id="203675048" x="994.24" y="2497.63" z="0.0" type="priority" tlType="none" radius="1.5" keepClear="1"/>
  <node  id="203675051" x="985.77" y="2371.84" z="0.0" type="priority" tlType="none" radius="1.5" keepClear="1"/>
  <node  id="203675056" x="978.83" y="2248.23" z="0.0" type="priority" tlType="none" radius="1.5" keepClear="1"/>
  <node  id="203675065" x="971.15" y="2139.41" z="0.0" type="priority" tlType="none" radius="1.5" keepClear="1"/>
  <node  id="203678777" x="1266.18" y="2455.41" z="0.0" type="priority" tlType="none" radius="1.5" keepClear="1"/>
  <node  id="203678784" x="1229.96" y="2343.9" z="0.0" type="priority" tlType="none" radius="1.5" keepClear="1"/>
  <node  id="203678787" x="1223.18" y="2231.49" z="0.0" type="priority" tlType="none" radius="1.5" keepClear="1"/>
  <node  id="203678790" x="1216.0" y="2132.76" z="0.0" type="priority" tlType="none" radius="1.5" keepClear="1"/>
  <node  id="203678807" x="1163.15" y="2023.42" z="0.0" type="priority" tlType="none" radius="1.5" keepClear="1"/>
  <node  id="203679083" x="2805.62" y="2501.2" z="0.0" type="priority" tlType="none" radius="1.5" keepClear="1"/>
  <node  id="203679085" x="2759.4" y="2226.41" z="0.0" type="priority" tlType="none" radius="1.5" keepClear="1"/>
  <node  id="203679118" x="2801.86" y="2218.69" z="0.0" type="priority" tlType="none" radius="1.5" keepClear="1"/>
  <node  id="203679122" x="2792.71" y="2066.38" z="0.0" type="priority" tlType="none" radius="1.5" keepClear="1"/>
  <node  id="203679124" x="2789.71" y="2042.37" z="0.0" type="priority" tlType="none" radius="1.5" keepClear="1"/>
  <node  id="203679126" x="2785.2" y="1959.44" z="0.0" type="priority" tlType="none" radius="1.5" keepClear="1"/>
  <node  id="203679129" x="2782.13" y="1908.89" z="0.0" type="priority" tlType="none" radius="1.5" keepClear="1"/>
  <node  id="203679133" x="2775.79" y="1801.37" z="0.0" type="priority" tlType="none" radius="1.5" keepClear="1"/>
  <node  id="203679149" x="2744.84" y="1270.59" z="0.0" type="priority" tlType="none" radius="1.5" keepClear="1"/>
  <node  id="203690233" x="3169.13" y="2785.92" z="0.0" type="priority" tlType="none" radius="1.5" keepClear="1"/>
  <node  id="203690236" x="3333.97" y="2759.34" z="0.0" type="priority" tlType="none" radius="1.5" keepClear="1"/>
  <node  id="203690438" x="2293.22" y="2588.94" z="0.0" type="priority" tlType="none" radius="1.5" keepClear="1"/>
  <node  id="203690442" x="2309.0" y="2715.95" z="0.0" type="priority" tlType="none" radius="1.5" keepClear="1"/>
  <node  id="203702094" x="3124.61" y="2498.19" z="0.0" type="priority" tlType="none" radius="1.5" keepClear="1"/>
  <node  id="203702098" x="3297.0" y="2469.2" z="0.0" type="priority" tlType="none" radius="1.5" keepClear="1"/>
  <node  id="203702563" x="1676.46" y="2631.34" z="0.0" type="priority" tlType="none" radius="1.5" keepClear="1"/>
  <node  id="203702567" x="1701.19" y="2782.73" z="0.0" type="priority" tlType="none" radius="1.5" keepClear="1"/>
  <node  id="203702571" x="1724.87" y="2929.05" z="0.0" type="priority" tlType="none" radius="1.5" keepClear="1"/>
  <node  id="203702582" x="1873.58" y="4076.27" z="0.0" type="priority" tlType="none" radius="1.5" keepClear="1"/>
  <node  id="203707492" x="753.47" y="2917.83" z="0.0" type="priority" tlType="none" radius="1.5" keepClear="1"/>
  <node  id="203707499" x="923.6" y="2893.68" z="0.0" type="priority" tlType="none" radius="1.5" keepClear="1"/>
  <node  id="203707503" x="1113.8" y="2866.7" z="0.0" type="priority" tlType="none" radius="1.5" keepClear="1"/>
  <node  id="203707506" x="1323.46" y="2834.69" z="0.0" type="priority" tlType="none" radius="1.5" keepClear="1"/>
  <node  id="203707508" x="1635.07" y="2792.28" z="0.0" type="priority" tlType="none" radius="1.5" keepClear="1"/>
  <node  id="203707536" x="2828.22" y="2621.34" z="0.0" type="priority" tlType="none" radius="1.5" keepClear="1"/>
  <node  id="203707539" x="2938.02" y="2602.27" z="0.0" type="priority" tlType="none" radius="1.5" keepClear="1"/>
  <node  id="203707541" x="2958.32" y="2597.77" z="0.0" type="priority" tlType="none" radius="1.5" keepClear="1"/>
  <node  id="203707546" x="3142.88" y="2580.78" z="0.0" type="priority" tlType="none" radius="1.5" keepClear="1"/>
  <node  id="203707584" x="2439.0" y="2697.93" z="0.0" type="priority" tlType="none" radius="1.5" keepClear="1"/>
  <node  id="203713581" x="963.6" y="4098.28" z="0.0" type="priority" tlType="none" radius="1.5" keepClear="1"/>
  <node  id="203720569" x="901.58" y="2745.32" z="0.0" type="priority" tlType="none" radius="1.5" keepClear="1"/>
  <node  id="203720570" x="869.67" y="2517.07" z="0.0" type="priority" tlType="none" radius="1.5" keepClear="1"/>
  <node  id="203720571" x="860.61" y="2380.86" z="0.0" type="priority" tlType="none" radius="1.5" keepClear="1"/>
  <node  id="203720572" x="849.65" y="2257.43" z="0.0" type="priority" tlType="none" radius="1.5" keepClear="1"/>
  <node  id="203720573" x="843.1" y="2149.62" z="0.0" type="priority" tlType="none" radius="1.5" keepClear="1"/>
  <node  id="203720576" x="837.61" y="2049.65" z="0.0" type="priority" tlType="none" radius="1.5" keepClear="1"/>
  <node  id="203720577" x="831.47" y="1937.42" z="0.0" type="priority" tlType="none" radius="1.5" keepClear="1"/>
  <node  id="203720612" x="675.85" y="1457.06" z="0.0" type="priority" tlType="none" radius="1.5" keepClear="1"/>
  <node  id="203724696" x="1152.58" y="1915.58" z="0.0" type="priority" tlType="none" radius="1.5" keepClear="1"/>
  <node  id="203724716" x="1097.3" y="1138.62" z="0.0" type="priority" tlType="none" radius="1.5" keepClear="1"/>
  <node  id="203733633" x="502.86" y="2572.21" z="0.0" type="priority" tlType="none" radius="1.5" keepClear="1"/>
  <node  id="203733635" x="700.83" y="2542.07" z="0.0" type="priority" tlType="none" radius="1.5" keepClear="1"/>
  <node  id="203733639" x="757.98" y="2534.45" z="0.0" type="priority" tlType="none" radius="1.5" keepClear="1"/>
  <node  id="203733646" x="1058.19" y="2488.69" z="0.0" type="priority" tlType="none" radius="1.5" keepClear="1"/>
  <node  id="203733651" x="1103.48" y="2480.99" z="0.0" type="priority" tlType="none" radius="1.5" keepClear="1"/>
  <node  id="203733653" x="1162.12" y="2471.33" z="0.0" type="priority" tlType="none" radius="1.5" keepClear="1"/>
  <node  id="203733656" x="1477.2" y="2424.45" z="0.0" type="priority" tlType="none" radius="1.5" keepClear="1"/>
  <node  id="203733659" x="1559.22" y="2413.89" z="0.0" type="priority" tlType="none" radius="1.5" keepClear="1"/>
  <node  id="203733666" x="1638.12" y="2401.28" z="0.0" type="priority" tlType="none" radius="1.5" keepClear="1"/>
  <node  id="203733668" x="1816.62" y="2376.23" z="0.0" type="priority" tlType="none" radius="1.5" keepClear="1"/>
  <node  id="203733673" x="1904.37" y="2363.81" z="0.0" type="priority" tlType="none" radius="1.5" keepClear="1"/>
  <node  id="203733675" x="2013.98" y="2344.28" z="0.0" type="priority" tlType="none" radius="1.5" keepClear="1"/>
  <node  id="203733679" x="2033.68" y="2341.24" z="0.0" type="priority" tlType="none" radius="1.5" keepClear="1"/>
  <node  id="203733681" x="2138.75" y="2325.3" z="0.0" type="priority" tlType="none" radius="1.5" keepClear="1"/>
  <node  id="203733693" x="2375.62" y="2287.28" z="0.0" type="priority" tlType="none" radius="1.5" keepClear="1"/>
  <node  id="203733697" x="2500.92" y="2267.62" z="0.0" type="priority" tlType="none" radius="1.5" keepClear="1"/>
  <node  id="203733707" x="2629.57" y="2247.09" z="0.0" type="priority" tlType="none" radius="1.5" keepClear="1"/>
  <node  id="203733713" x="2888.09" y="2207.21" z="0.0" type="priority" tlType="none" radius="1.5" keepClear="1"/>
  <node  id="203733715" x="2996.85" y="2189.83" z="0.0" type="priority" tlType="none" radius="1.5" keepClear="1"/>
  <node  id="203733728" x="3082.57" y="2176.37" z="0.0" type="priority" tlType="none" radius="1.5" keepClear="1"/>
  <node  id="203733732" x="3256.61" y="2148.37" z="0.0" type="traffic_light" tlType="static" radius="1.5" keepClear="1" tl="203733732"/>
  <node  id="203733737" x="3375.38" y="2129.92" z="0.0" type="priority" tlType="none" radius="1.5" keepClear="1"/>
  <node  id="203741056" x="3359.12" y="1913.86" z="0.0" type="priority" tlType="none" radius="1.5" keepClear="1"/>
  <node  id="203744873" x="2423.39" y="2564.58" z="0.0" type="priority" tlType="none" radius="1.5" keepClear="1"/>
  <node  id="203744878" x="2472.27" y="2918.14" z="0.0" type="priority" tlType="none" radius="1.5" keepClear="1"/>
  <node  id="203745749" x="733.6" y="2771.06" z="0.0" type="priority" tlType="none" radius="1.5" keepClear="1"/>
  <node  id="203745758" x="747.76" y="2390.05" z="0.0" type="priority" tlType="none" radius="1.5" keepClear="1"/>
  <node  id="203745762" x="739.78" y="2265.36" z="0.0" type="priority" tlType="none" radius="1.5" keepClear="1"/>
  <node  id="203755834" x="2073.01" y="2622.57" z="0.0" type="priority" tlType="none" radius="1.5" keepClear="1"/>
  <node  id="203762159" x="3064.33" y="1943.04" z="0.0" type="priority" tlType="none" radius="1.5" keepClear="1"/>
  <node  id="203762162" x="3243.41" y="1924.89" z="0.0" type="priority" tlType="none" radius="1.5" keepClear="1"/>
  <node  id="203762167" x="3466.95" y="1907.4" z="0.0" type="priority" tlType="none" radius="1.5" keepClear="1"/>
  <node  id="203763647" x="2005.22" y="2190.18" z="0.0" type="priority" tlType="none" radius="1.5" keepClear="1"/>
  <node  id="203763650" x="1997.97" y="2086.13" z="0.0" type="priority" tlType="none" radius="1.5" keepClear="1"/>
  <node  id="203763652" x="1992.63" y="1954.36" z="0.0" type="priority" tlType="none" radius="1.5" keepClear="1"/>
  <node  id="203763658" x="2013.81" y="1951.94" z="0.0" type="priority" tlType="none" radius="1.5" keepClear="1"/>
  <node  id="203763660" x="2005.41" y="1849.03" z="0.0" type="priority" tlType="none" radius="1.5" keepClear="1"/>
  <node  id="203763662" x="1989.44" y="1652.62" z="0.0" type="priority" tlType="none" radius="1.5" keepClear="1"/>
  <node  id="203768905" x="686.63" y="3576.63" z="0.0" type="priority" tlType="none" radius="1.5" keepClear="1"/>
  <node  id="203768908" x="879.69" y="3548.33" z="0.0" type="priority" tlType="none" radius="1.5" keepClear="1"/>
  <node  id="203768917" x="1043.52" y="3524.49" z="0.0" type="priority" tlType="none" radius="1.5" keepClear="1"/>
  <node  id="203768926" x="1166.21" y="3506.44" z="0.0" type="priority" tlType="none" radius="1.5" keepClear="1"/>
  <node  id="203768928" x="1264.65" y="3492.02" z="0.0" type="priority" tlType="none" radius="1.5" keepClear="1"/>
  <node  id="203768930" x="1365.37" y="3477.53" z="0.0" type="priority" tlType="none" radius="1.5" keepClear="1"/>
  <node  id="203769673" x="469.04" y="1963.72" z="0.0" type="priority" tlType="none" radius="1.5" keepClear="1"/>
  <node  id="203773959" x="1621.07" y="2286.97" z="0.0" type="priority" tlType="none" radius="1.5" keepClear="1"/>
  <node  id="203775723" x="1096.35" y="2363.27" z="0.0" type="priority" tlType="none" radius="1.5" keepClear="1"/>
  <node  id="203775735" x="1470.11" y="2299.56" z="0.0" type="priority" tlType="none" radius="1.5" keepClear="1"/>
  <node  id="203775737" x="1809.58" y="2270.06" z="0.0" type="priority" tlType="none" radius="1.5" keepClear="1"/>
  <node  id="203775754" x="2133.77" y="2184.42" z="0.0" type="priority" tlType="none" radius="1.5" keepClear="1"/>
  <node  id="203776534" x="2935.51" y="2479.41" z="0.0" type="priority" tlType="none" radius="1.5" keepClear="1"/>
  <node  id="203777568" x="3288.44" y="2418.26" z="0.0" type="traffic_light" tlType="static" radius="1.5" keepClear="1" tl="203777568"/>
  <node  id="203777573" x="3319.01" y="2651.03" z="0.0" type="priority" tlType="none" radius="1.5" keepClear="1"/>
  <node  id="203777575" x="3322.95" y="2678.9" z="0.0" type="priority" tlType="none" radius="1.5" keepClear="1"/>
  <node  id="203777578" x="3343.1" y="2827.03" z="0.0" type="priority" tlType="none" radius="1.5" keepClear="1"/>
  <node  id="203777581" x="3347.65" y="2857.24" z="0.0" type="priority" tlType="none" radius="1.5" keepClear="1"/>
  <node  id="203785173" x="2577.23" y="2738.4" z="0.0" type="priority" tlType="none" radius="1.5" keepClear="1"/>
  <node  id="203788559" x="1713.51" y="3660.34" z="0.0" type="priority" tlType="none" radius="1.5" keepClear="1"/>
  <node  id="203788568" x="1656.18" y="2941.34" z="0.0" type="priority" tlType="none" radius="1.5" keepClear="1"/>
  <node  id="203788574" x="1594.65" y="2644.14" z="0.0" type="priority" tlType="none" radius="1.5" keepClear="1"/>
  <node  id="203790187" x="2177.45" y="2606.98" z="0.0" type="priority" tlType="none" radius="1.5" keepClear="1"/>
  <node  id="203792422" x="1933.82" y="2612.4" z="0.0" type="priority" tlType="none" radius="1.5" keepClear="1"/>
  <node  id="203792425" x="1960.13" y="2787.47" z="0.0" type="priority" tlType="none" radius="1.5" keepClear="1"/>
  <node  id="203792450" x="2108.37" y="3265.07" z="0.0" type="priority" tlType="none" radius="1.5" keepClear="1"/>
  <node  id="203803878" x="3071.78" y="2048.21" z="0.0" type="priority" tlType="none" radius="1.5" keepClear="1"/>
  <node  id="203803881" x="3249.95" y="2036.07" z="0.0" type="priority" tlType="none" radius="1.5" keepClear="1"/>
  <node  id="203803919" x="222.26" y="2301.96" z="0.0" type="priority" tlType="none" radius="1.5" keepClear="1"/>
  <node  id="203803923" x="1089.16" y="2240.33" z="0.0" type="priority" tlType="none" radius="1.5" keepClear="1"/>
  <node  id="203803927" x="1464.67" y="2203.95" z="0.0" type="priority" tlType="none" radius="1.5" keepClear="1"/>
  <node  id="203803932" x="1804.65" y="2182.36" z="0.0" type="priority" tlType="none" radius="1.5" keepClear="1"/>
  <node  id="203803945" x="2183.97" y="2070.29" z="0.0" type="priority" tlType="none" radius="1.5" keepClear="1"/>
  <node  id="203803946" x="2336.88" y="2046.47" z="0.0" type="priority" tlType="none" radius="1.5" keepClear="1"/>
  <node  id="203803957" x="2484.99" y="2054.22" z="0.0" type="priority" tlType="none" radius="1.5" keepClear="1"/>
  <node  id="203803968" x="1091.16" y="2718.8" z="0.0" type="priority" tlType="none" radius="1.5" keepClear="1"/>
  <node  id="203803971" x="1134.72" y="3012.21" z="0.0" type="priority" tlType="none" radius="1.5" keepClear="1"/>
  <node  id="203803974" x="1153.64" y="3139.79" z="0.0" type="priority" tlType="none" radius="1.5" keepClear="1"/>
  <node  id="203809658" x="2534.39" y="2745.69" z="0.0" type="priority" tlType="none" radius="1.5" keepClear="1"/>
  <node  id="203809661" x="2612.36" y="2732.45" z="0.0" type="priority" tlType="none" radius="1.5" keepClear="1"/>
  <node  id="203817460" x="935.46" y="2966.06" z="0.0" type="priority" tlType="none" radius="1.5" keepClear="1"/>
  <node  id="203817463" x="946.0" y="3039.92" z="0.0" type="priority" tlType="none" radius="1.5" keepClear="1"/>
  <node  id="203817467" x="964.83" y="3170.39" z="0.0" type="priority" tlType="none" radius="1.5" keepClear="1"/>
  <node  id="203817470" x="1004.46" y="3418.5" z="0.0" type="priority" tlType="none" radius="1.5" keepClear="1"/>
  <node  id="203832300" x="862.91" y="3437.12" z="0.0" type="priority" tlType="none" radius="1.5" keepClear="1"/>
  <node  id="203837051" x="3100.8" y="0.0" z="0.0" type="priority" tlType="none" radius="1.5" keepClear="1"/>
  <node  id="203838713" x="2762.33" y="3087.07" z="0.0" type="priority" tlType="none" radius="1.5" keepClear="1"/>
  <node  id="203841190" x="1447.0" y="1892.78" z="0.0" type="priority" tlType="none" radius="1.5" keepClear="1"/>
  <node  id="203841194" x="1785.16" y="1863.68" z="0.0" type="priority" tlType="none" radius="1.5" keepClear="1"/>
  <node  id="203841205" x="2924.36" y="1814.88" z="0.0" type="priority" tlType="none" radius="1.5" keepClear="1"/>
  <node  id="203841207" x="3234.07" y="1796.35" z="0.0" type="priority" tlType="none" radius="1.5" keepClear="1"/>
  <node  id="203841215" x="2565.15" y="1817.04" z="0.0" type="priority" tlType="none" radius="1.5" keepClear="1"/>
  <node  id="203841226" x="2304.41" y="1832.12" z="0.0" type="priority" tlType="none" radius="1.5" keepClear="1"/>
  <node  id="203842636" x="1933.43" y="2592.03" z="0.0" type="priority" tlType="none" radius="1.5" keepClear="1"/>
  <node  id="203842637" x="1881.17" y="1961.28" z="0.0" type="priority" tlType="none" radius="1.5" keepClear="1"/>
  <node  id="203842649" x="1874.25" y="1318.5" z="0.0" type="priority" tlType="none" radius="1.5" keepClear="1"/>
  <node  id="203847012" x="3279.31" y="2360.24" z="0.0" type="priority" tlType="none" radius="1.5" keepClear="1"/>
  <node  id="203847015" x="3239.21" y="1876.04" z="0.0" type="priority" tlType="none" radius="1.5" keepClear="1"/>
  <node  id="203848055" x="2277.24" y="3374.22" z="0.0" type="priority" tlType="none" radius="1.5" keepClear="1"/>
  <node  id="203848829" x="2127.95" y="3393.61" z="0.0" type="priority" tlType="none" radius="1.5" keepClear="1"/>
  <node  id="203848972" x="1459.71" y="2116.5" z="0.0" type="priority" tlType="none" radius="1.5" keepClear="1"/>
  <node  id="203848976" x="1453.35" y="2004.57" z="0.0" type="priority" tlType="none" radius="1.5" keepClear="1"/>
  <node  id="203851319" x="1196.29" y="2701.95" z="0.0" type="priority" tlType="none" radius="1.5" keepClear="1"/>
  <node  id="203856547" x="1082.39" y="2131.37" z="0.0" type="priority" tlType="none" radius="1.5" keepClear="1"/>
  <node  id="203856566" x="1799.03" y="2096.13" z="0.0" type="priority" tlType="none" radius="1.5" keepClear="1"/>
  <node  id="203868714" x="1076.67" y="2029.93" z="0.0" type="priority" tlType="none" radius="1.5" keepClear="1"/>
  <node  id="203871632" x="2519.32" y="2911.39" z="0.0" type="priority" tlType="none" radius="1.5" keepClear="1"/>
  <node  id="203872324" x="1959.18" y="3293.32" z="0.0" type="priority" tlType="none" radius="1.5" keepClear="1"/>
  <node  id="203872430" x="1977.84" y="3412.69" z="0.0" type="priority" tlType="none" radius="1.5" keepClear="1"/>
  <node  id="203874947" x="2671.47" y="2523.67" z="0.0" type="priority" tlType="none" radius="1.5" keepClear="1"/>
  <node  id="203874951" x="2703.11" y="2716.95" z="0.0" type="priority" tlType="none" radius="1.5" keepClear="1"/>
  <node  id="203874954" x="2714.42" y="2792.57" z="0.0" type="priority" tlType="none" radius="1.5" keepClear="1"/>
  <node  id="203876978" x="2803.96" y="2709.58" z="0.0" type="priority" tlType="none" radius="1.5" keepClear="1"/>
  <node  id="203876980" x="2841.79" y="2705.66" z="0.0" type="priority" tlType="none" radius="1.5" keepClear="1"/>
  <node  id="203876983" x="2975.51" y="2696.09" z="0.0" type="priority" tlType="none" radius="1.5" keepClear="1"/>
  <node  id="203877060" x="660.94" y="3079.0" z="0.0" type="priority" tlType="none" radius="1.5" keepClear="1"/>
  <node  id="203877065" x="776.21" y="3065.95" z="0.0" type="priority" tlType="none" radius="1.5" keepClear="1"/>
  <node  id="203877074" x="1339.0" y="2983.12" z="0.0" type="priority" tlType="none" radius="1.5" keepClear="1"/>
  <node  id="203877098" x="1610.67" y="2947.38" z="0.0" type="priority" tlType="none" radius="1.5" keepClear="1"/>
  <node  id="203878071" x="3124.77" y="2448.17" z="0.0" type="priority" tlType="none" radius="1.5" keepClear="1"/>
  <node  id="203885696" x="2570.4" y="2947.49" z="0.0" type="priority" tlType="none" radius="1.5" keepClear="1"/>
  <node  id="203885697" x="2561.57" y="2878.46" z="0.0" type="priority" tlType="none" radius="1.5" keepClear="1"/>
  <node  id="203888619" x="2864.52" y="2675.88" z="0.0" type="priority" tlType="none" radius="1.5" keepClear="1"/>
  <node  id="203888736" x="1775.05" y="1667.87" z="0.0" type="priority" tlType="none" radius="1.5" keepClear="1"/>
  <node  id="203892393" x="2841.87" y="3919.45" z="0.0" type="priority" tlType="none" radius="1.5" keepClear="1"/>
  <node  id="203894934" x="2544.16" y="2542.95" z="0.0" type="priority" tlType="none" radius="1.5" keepClear="1"/>
  <node  id="203894936" x="2476.53" y="1930.65" z="0.0" type="priority" tlType="none" radius="1.5" keepClear="1"/>
  <node  id="203895008" x="2570.29" y="1923.94" z="0.0" type="priority" tlType="none" radius="1.5" keepClear="1"/>
  <node  id="203898507" x="3031.47" y="2400.45" z="0.0" type="priority" tlType="none" radius="1.5" keepClear="1"/>
  <node  id="203898512" x="3115.87" y="2385.81" z="0.0" type="priority" tlType="none" radius="1.5" keepClear="1"/>
  <node  id="203899588" x="0.0" y="2103.54" z="0.0" type="priority" tlType="none" radius="1.5" keepClear="1"/>
  <node  id="203900387" x="795.67" y="3196.18" z="0.0" type="priority" tlType="none" radius="1.5" keepClear="1"/>
  <node  id="203900394" x="1354.14" y="3112.7" z="0.0" type="priority" tlType="none" radius="1.5" keepClear="1"/>
  <node  id="203900400" x="3185.6" y="2881.7" z="0.0" type="priority" tlType="none" radius="1.5" keepClear="1"/>
  <node  id="203908351" x="2017.87" y="2578.71" z="0.0" type="priority" tlType="none" radius="1.5" keepClear="1"/>
  <node  id="203911408" x="617.16" y="2787.7" z="0.0" type="priority" tlType="none" radius="1.5" keepClear="1"/>
  <node  id="203917596" x="3041.01" y="2462.8" z="0.0" type="priority" tlType="none" radius="1.5" keepClear="1"/>
  <node  id="203917606" x="2930.66" y="1897.09" z="0.0" type="priority" tlType="none" radius="1.5" keepClear="1"/>
  <node  id="203922855" x="3060.9" y="1889.62" z="0.0" type="priority" tlType="none" radius="1.5" keepClear="1"/>
  <node  id="203925676" x="2319.11" y="1935.18" z="0.0" type="priority" tlType="none" radius="1.5" keepClear="1"/>
  <node  id="203925679" x="2225.84" y="1296.22" z="0.0" type="priority" tlType="none" radius="1.5" keepClear="1"/>
  <node  id="203926230" x="1792.77" y="1967.5" z="0.0" type="priority" tlType="none" radius="1.5" keepClear="1"/>
  <node  id="203928066" x="2455.89" y="1932.31" z="0.0" type="priority" tlType="none" radius="1.5" keepClear="1"/>
  <node  id="203928073" x="2435.34" y="1807.4" z="0.0" type="priority" tlType="none" radius="1.5" keepClear="1"/>
  <node  id="203929015" x="1301.39" y="2687.33" z="0.0" type="priority" tlType="none" radius="1.5" keepClear="1"/>
  <node  id="203929019" x="1343.45" y="3054.11" z="0.0" type="priority" tlType="none" radius="1.5" keepClear="1"/>
  <node  id="203940430" x="2017.64" y="2778.88" z="0.0" type="priority" tlType="none" radius="1.5" keepClear="1"/>
  <node  id="203949623" x="766.07" y="2990.3" z="0.0" type="priority" tlType="none" radius="1.5" keepClear="1"/>
  <node  id="203949628" x="881.45" y="2974.91" z="0.0" type="priority" tlType="none" radius="1.5" keepClear="1"/>
  <node  id="204001378" x="1253.32" y="3065.12" z="0.0" type="priority" tlType="none" radius="1.5" keepClear="1"/>
  <node  id="2320271438" x="1400.81" y="1040.07" z="0.0" type="priority" tlType="none" radius="1.5" keepClear="1"/>
  <node  id="2355403696" x="2804.89" y="3170.6" z="0.0" type="priority" tlType="none" radius="1.5" keepClear="1"/>
  <node  id="2471192598" x="714.27" y="2631.67" z="0.0" type="priority" tlType="none" radius="1.5" keepClear="1"/>
  <node  id="2471192630" x="651.93" y="2782.76" z="0.0" type="priority" tlType="none" radius="1.5" keepClear="1"/>
  <node  id="2851881549" x="2482.91" y="2023.82" z="0.0" type="priority" tlType="none" radius="1.5" keepClear="1"/>
  <node  id="2851881550" x="2425.91" y="2028.35" z="0.0" type="priority" tlType="none" radius="1.5" keepClear="1"/>
  <node  id="2851881553" x="2389.3" y="2030.77" z="0.0" type="priority" tlType="none" radius="1.5" keepClear="1"/>
  <node  id="2851881557" x="2435.05" y="2027.62" z="0.0" type="priority" tlType="none" radius="1.5" keepClear="1"/>
  <node  id="2851881558" x="2438.41" y="2074.8" z="0.0" type="priority" tlType="none" radius="1.5" keepClear="1"/>
  <node  id="2868791509" x="2509.05" y="1928.06" z="0.0" type="priority" tlType="none" radius="1.5" keepClear="1"/>
  <node  id="2868791511" x="2490.65" y="1839.78" z="0.0" type="priority" tlType="none" radius="1.5" keepClear="1"/>
  <node  id="3080873501" x="3281.23" y="2372.49" z="0.0" type="priority" tlType="none" radius="1.5" keepClear="1"/>
  <node  id="3080882284" x="3237.73" y="2427.53" z="0.0" type="priority" tlType="none" radius="1.5" keepClear="1"/>
  <node  id="3572028193" x="2325.27" y="1973.75" z="0.0" type="priority" tlType="none" radius="1.5" keepClear="1"/>
  <node  id="3572028195" x="2262.18" y="1983.87" z="0.0" type="priority" tlType="none" radius="1.5" keepClear="1"/>
  <node  id="3573189997" x="1964.15" y="2814.6" z="0.0" type="priority" tlType="none" radius="1.5" keepClear="1"/>
  <node  id="3573189998" x="1890.52" y="2824.94" z="0.0" type="priority" tlType="none" radius="1.5" keepClear="1"/>
  <node  id="3946619485" x="1286.12" y="2801.2" z="0.0" type="priority" tlType="none" radius="1.5" keepClear="1"/>
  <node  id="3946619487" x="1244.96" y="2846.68" z="0.0" type="priority" tlType="none" radius="1.5" keepClear="1"/>
  <node  id="4015700803" x="3348.05" y="3198.33" z="0.0" type="priority" tlType="none" radius="1.5" keepClear="1"/>
  <node  id="4015700805" x="3369.35" y="3421.18" z="0.0" type="dead_end" tlType="none" radius="1.5" keepClear="1"/>
  <node  id="4015701148" x="3319.36" y="3432.9" z="0.0" type="dead_end" tlType="none" radius="1.5" keepClear="1"/>
  <node  id="4015701153" x="3323.54" y="3197.9" z="0.0" type="priority" tlType="none" radius="1.5" keepClear="1"/>
  <node  id="4164085356" x="2875.11" y="5572.25" z="0.0" type="priority" tlType="none" radius="1.5" keepClear="1"/>
  <node  id="424699366" x="1383.0" y="4284.66" z="0.0" type="priority" tlType="none" radius="1.5" keepClear="1"/>
  <node  id="4589703453" x="920.46" y="3332.0" z="0.0" type="right_before_left" tlType="none" radius="1.5" keepClear="1"/>
  <node  id="4589703454" x="928.4" y="3381.58" z="0.0" type="right_before_left" tlType="none" radius="1.5" keepClear="1"/>
  <node  id="4589703455" x="917.31" y="3312.37" z="0.0" type="priority" tlType="none" radius="1.5" keepClear="1"/>
  <node  id="4589703456" x="889.94" y="3316.28" z="0.0" type="priority" tlType="none" radius="1.5" keepClear="1"/>
  <node  id="4589703457" x="893.89" y="3336.57" z="0.0" type="right_before_left" tlType="none" radius="1.5" keepClear="1"/>
  <node  id="4589703462" x="997.04" y="3372.9" z="0.0" type="priority" tlType="none" radius="1.5" keepClear="1"/>
  <node  id="459041287" x="230.05" y="2451.93" z="0.0" type="priority" tlType="none" radius="1.5" keepClear="1"/>
  <node  id="459041844" x="322.28" y="2830.33" z="0.0" type="priority" tlType="none" radius="1.5" keepClear="1"/>
  <node  id="459042068" x="375.02" y="3123.83" z="0.0" type="priority" tlType="none" radius="1.5" keepClear="1"/>
  <node  id="459148820" x="405.53" y="3386.71" z="0.0" type="priority" tlType="none" radius="1.5" keepClear="1"/>
  <node  id="4598532510" x="1130.5" y="2648.94" z="0.0" type="priority" tlType="none" radius="1.5" keepClear="1"/>
  <node  id="4598532511" x="1187.85" y="2640.72" z="0.0" type="priority" tlType="none" radius="1.5" keepClear="1"/>
  <node  id="4605822299" x="967.52" y="2676.34" z="0.0" type="priority" tlType="none" radius="1.5" keepClear="1"/>
  <node  id="4605822300" x="1083.25" y="2657.68" z="0.0" type="priority" tlType="none" radius="1.5" keepClear="1"/>
  <node  id="4612455436" x="1312.47" y="2761.3" z="0.0" type="priority" tlType="none" radius="1.5" keepClear="1"/>
  <node  id="4612455439" x="1102.45" y="2792.55" z="0.0" type="priority" tlType="none" radius="1.5" keepClear="1"/>
  <node  id="4612455440" x="912.79" y="2820.79" z="0.0" type="priority" tlType="none" radius="1.5" keepClear="1"/>
  <node  id="4616373445" x="1330.99" y="2906.64" z="0.0" type="priority" tlType="none" radius="1.5" keepClear="1"/>
  <node  id="4616373446" x="1124.07" y="2938.13" z="0.0" type="priority" tlType="none" radius="1.5" keepClear="1"/>
  <node  id="4619059305" x="2720.81" y="2834.0" z="0.0" type="priority" tlType="none" radius="1.5" keepClear="1"/>
  <node  id="4619059310" x="2619.37" y="2855.11" z="0.0" type="priority" tlType="none" radius="1.5" keepClear="1"/>
  <node  id="4626409092" x="1315.41" y="2780.91" z="0.0" type="priority" tlType="none" radius="1.5" keepClear="1"/>
  <node  id="4626409096" x="1607.25" y="2742.18" z="0.0" type="priority" tlType="none" radius="1.5" keepClear="1"/>
  <node  id="4626409097" x="1692.1" y="2727.08" z="0.0" type="priority" tlType="none" radius="1.5" keepClear="1"/>
  <node  id="4688062096" x="1965.18" y="2619.69" z="0.0" type="priority" tlType="none" radius="1.5" keepClear="1"/>
  <node  id="4688062098" x="1974.5" y="2585.55" z="0.0" type="priority" tlType="none" radius="1.5" keepClear="1"/>
  <node  id="4727007477" x="2457.63" y="2831.96" z="0.0" type="priority" tlType="none" radius="1.5" keepClear="1"/>
  <node  id="4727007478" x="2588.14" y="2812.92" z="0.0" type="priority" tlType="none" radius="1.5" keepClear="1"/>
  <node  id="4880333907" x="710.33" y="2560.59" z="0.0" type="dead_end" tlType="none" radius="1.5" keepClear="1"/>
  <node  id="4880333923" x="691.77" y="2529.79" z="0.0" type="dead_end" tlType="none" radius="1.5" keepClear="1"/>
  <node  id="5266124107" x="3146.5" y="3487.38" z="0.0" type="dead_end" tlType="none" radius="1.5" keepClear="1"/>
  <node  id="5266124129" x="3154.64" y="3178.46" z="0.0" type="dead_end" tlType="none" radius="1.5" keepClear="1"/>
  <node  id="5266124142" x="3321.23" y="3200.72" z="0.0" type="dead_end" tlType="none" radius="1.5" keepClear="1"/>
  <node  id="5266124143" x="3196.3" y="3162.74" z="0.0" type="dead_end" tlType="none" radius="1.5" keepClear="1"/>
  <node  id="5266124148" x="3203.64" y="3192.09" z="0.0" type="dead_end" tlType="none" radius="1.5" keepClear="1"/>
  <node  id="5266124150" x="3172.33" y="3176.0" z="0.0" type="dead_end" tlType="none" radius="1.5" keepClear="1"/>
  <node  id="5266124151" x="3177.79" y="3180.65" z="0.0" type="dead_end" tlType="none" radius="1.5" keepClear="1"/>
  <node  id="5266124152" x="3178.15" y="3160.55" z="0.0" type="dead_end" tlType="none" radius="1.5" keepClear="1"/>
  <node  id="5266124160" x="3213.94" y="3153.69" z="0.0" type="dead_end" tlType="none" radius="1.5" keepClear="1"/>
  <node  id="5266124174" x="3177.31" y="3067.13" z="0.0" type="dead_end" tlType="none" radius="1.5" keepClear="1"/>
  <node  id="5266124180" x="3191.93" y="3017.61" z="0.0" type="dead_end" tlType="none" radius="1.5" keepClear="1"/>
  <node  id="5266124299" x="3114.62" y="3481.29" z="0.0" type="dead_end" tlType="none" radius="1.5" keepClear="1"/>
  <node  id="5266124305" x="3224.25" y="3392.78" z="0.0" type="dead_end" tlType="none" radius="1.5" keepClear="1"/>
  <node  id="5266124319" x="2863.74" y="3577.91" z="0.0" type="dead_end" tlType="none" radius="1.5" keepClear="1"/>
  <node  id="5266124327" x="2842.41" y="3571.34" z="0.0" type="dead_end" tlType="none" radius="1.5" keepClear="1"/>
  <node  id="5266124328" x="2850.31" y="3416.16" z="0.0" type="dead_end" tlType="none" radius="1.5" keepClear="1"/>
  <node  id="5266124358" x="2968.05" y="3549.46" z="0.0" type="dead_end" tlType="none" radius="1.5" keepClear="1"/>
  <node  id="5268356788" x="2860.5" y="3378.67" z="0.0" type="dead_end" tlType="none" radius="1.5" keepClear="1"/>
  <node  id="5268356791" x="2887.82" y="3365.13" z="0.0" type="dead_end" tlType="none" radius="1.5" keepClear="1"/>
  <node  id="5268356797" x="2913.29" y="3379.49" z="0.0" type="dead_end" tlType="none" radius="1.5" keepClear="1"/>
  <node  id="5268356803" x="2946.69" y="3397.62" z="0.0" type="dead_end" tlType="none" radius="1.5" keepClear="1"/>
  <node  id="5268356812" x="2911.15" y="3433.94" z="0.0" type="dead_end" tlType="none" radius="1.5" keepClear="1"/>
  <node  id="5268356820" x="2942.47" y="3367.59" z="0.0" type="dead_end" tlType="none" radius="1.5" keepClear="1"/>
  <node  id="5268358473" x="2930.02" y="3366.31" z="0.0" type="dead_end" tlType="none" radius="1.5" keepClear="1"/>
  <node  id="5268358491" x="3362.72" y="2996.15" z="0.0" type="dead_end" tlType="none" radius="1.5" keepClear="1"/>
  <node  id="5268358492" x="3317.31" y="3053.28" z="0.0" type="dead_end" tlType="none" radius="1.5" keepClear="1"/>
  <node  id="5268358495" x="3279.38" y="3033.13" z="0.0" type="dead_end" tlType="none" radius="1.5" keepClear="1"/>
  <node  id="5268358510" x="2751.06" y="3117.66" z="0.0" type="dead_end" tlType="none" radius="1.5" keepClear="1"/>
  <node  id="5268358513" x="2791.44" y="3198.28" z="0.0" type="dead_end" tlType="none" radius="1.5" keepClear="1"/>
  <node  id="5268358514" x="2801.21" y="3205.83" z="0.0" type="dead_end" tlType="none" radius="1.5" keepClear="1"/>
  <node  id="5268358515" x="2808.97" y="3211.47" z="0.0" type="dead_end" tlType="none" radius="1.5" keepClear="1"/>
  <node  id="5268358622" x="2804.42" y="3344.63" z="0.0" type="dead_end" tlType="none" radius="1.5" keepClear="1"/>
  <node  id="5268358630" x="2772.94" y="3344.6" z="0.0" type="dead_end" tlType="none" radius="1.5" keepClear="1"/>
  <node  id="5268358631" x="2795.29" y="3211.1" z="0.0" type="dead_end" tlType="none" radius="1.5" keepClear="1"/>
  <node  id="5268358633" x="2818.38" y="3187.82" z="0.0" type="dead_end" tlType="none" radius="1.5" keepClear="1"/>
  <node  id="5268358638" x="2868.76" y="3264.78" z="0.0" type="dead_end" tlType="none" radius="1.5" keepClear="1"/>
  <node  id="5268358639" x="2852.61" y="3302.76" z="0.0" type="dead_end" tlType="none" radius="1.5" keepClear="1"/>
  <node  id="5268358642" x="2874.34" y="3342.95" z="0.0" type="dead_end" tlType="none" radius="1.5" keepClear="1"/>
  <node  id="5268358643" x="2957.0" y="3334.86" z="0.0" type="dead_end" tlType="none" radius="1.5" keepClear="1"/>
  <node  id="5268358644" x="2966.42" y="3330.1" z="0.0" type="dead_end" tlType="none" radius="1.5" keepClear="1"/>
  <node  id="5268358645" x="2961.75" y="3296.25" z="0.0" type="dead_end" tlType="none" radius="1.5" keepClear="1"/>
  <node  id="5268358653" x="2899.54" y="3283.86" z="0.0" type="dead_end" tlType="none" radius="1.5" keepClear="1"/>
  <node  id="5268358693" x="2858.35" y="3161.95" z="0.0" type="dead_end" tlType="none" radius="1.5" keepClear="1"/>
  <node  id="5268358697" x="2893.93" y="3204.45" z="0.0" type="dead_end" tlType="none" radius="1.5" keepClear="1"/>
  <node  id="5268358699" x="3153.39" y="3089.02" z="0.0" type="dead_end" tlType="none" radius="1.5" keepClear="1"/>
  <node  id="5268358701" x="3104.33" y="3116.33" z="0.0" type="dead_end" tlType="none" radius="1.5" keepClear="1"/>
  <node  id="5268358704" x="3431.01" y="3035.07" z="0.0" type="dead_end" tlType="none" radius="1.5" keepClear="1"/>
  <node  id="5268358894" x="2742.9" y="3081.79" z="0.0" type="dead_end" tlType="none" radius="1.5" keepClear="1"/>
  <node  id="5268358912" x="2799.77" y="3590.44" z="0.0" type="dead_end" tlType="none" radius="1.5" keepClear="1"/>
  <node  id="5268359055" x="2743.23" y="3052.74" z="0.0" type="dead_end" tlType="none" radius="1.5" keepClear="1"/>
  <node  id="5268359061" x="2592.64" y="2821.26" z="0.0" type="dead_end" tlType="none" radius="1.5" keepClear="1"/>
  <node  id="5268359071" x="2759.92" y="3053.83" z="0.0" type="dead_end" tlType="none" radius="1.5" keepClear="1"/>
  <node  id="5268359095" x="2972.78" y="3023.48" z="0.0" type="dead_end" tlType="none" radius="1.5" keepClear="1"/>
  <node  id="5268359096" x="2959.53" y="3025.42" z="0.0" type="dead_end" tlType="none" radius="1.5" keepClear="1"/>
  <node  id="5268359226" x="3177.71" y="2889.17" z="0.0" type="dead_end" tlType="none" radius="1.5" keepClear="1"/>
  <node  id="5268359227" x="3178.99" y="2876.39" z="0.0" type="dead_end" tlType="none" radius="1.5" keepClear="1"/>
  <node  id="5268359235" x="3172.19" y="2792.06" z="0.0" type="dead_end" tlType="none" radius="1.5" keepClear="1"/>
  <node  id="5268359236" x="3165.41" y="2782.29" z="0.0" type="dead_end" tlType="none" radius="1.5" keepClear="1"/>
  <node  id="5268359239" x="3153.02" y="2685.01" z="0.0" type="dead_end" tlType="none" radius="1.5" keepClear="1"/>
  <node  id="5268359240" x="3148.88" y="2676.83" z="0.0" type="dead_end" tlType="none" radius="1.5" keepClear="1"/>
  <node  id="5268359243" x="3133.42" y="2587.95" z="0.0" type="dead_end" tlType="none" radius="1.5" keepClear="1"/>
  <node  id="5268359244" x="3267.19" y="2556.79" z="0.0" type="dead_end" tlType="none" radius="1.5" keepClear="1"/>
  <node  id="5268359249" x="3134.23" y="2500.75" z="0.0" type="dead_end" tlType="none" radius="1.5" keepClear="1"/>
  <node  id="5295935848" x="2833.98" y="3423.73" z="0.0" type="dead_end" tlType="none" radius="1.5" keepClear="1"/>
  <node  id="628986662" x="3942.08" y="2834.72" z="0.0" type="priority" tlType="none" radius="1.5" keepClear="1"/>
  <node  id="628986663" x="3927.52" y="2738.01" z="0.0" type="priority" tlType="none" radius="1.5" keepClear="1"/>
  <node  id="628986666" x="3905.36" y="2590.85" z="0.0" type="priority" tlType="none" radius="1.5" keepClear="1"/>
  <node  id="628986667" x="3884.55" y="2454.1" z="0.0" type="priority" tlType="none" radius="1.5" keepClear="1"/>
  <node  id="628986750" x="3769.48" y="2071.32" z="0.0" type="priority" tlType="none" radius="1.5" keepClear="1"/>
  <node  id="628986773" x="3917.89" y="2320.63" z="0.0" type="priority" tlType="none" radius="1.5" keepClear="1"/>
  <node  id="cluster_203707530_203707593" x="2692.4" y="2649.2" z="0.0" type="priority" tlType="none" radius="1.5" keepClear="1"/>
  <node  id="cluster_203707549_203707628" x="3307.94" y="2549.38" z="0.0" type="priority" tlType="none" radius="1.5" keepClear="1"/>
  <node  id="cluster_203733684_203733689" x="2236.24" y="2308.98" z="0.0" type="priority" tlType="none" radius="1.5" keepClear="1"/>
  <node  id="cluster_2355403701_2355403704_5266124361" x="2752.39" y="3179.16" z="0.0" type="priority" tlType="none" radius="1.5" keepClear="1"/>
</nodes>
