<?xml version="1.0" encoding="UTF-8"?>

<!-- generated on Tue 06 Feb 2018 09:29:31 AM CST by SUMO gui Version 0.32.0
<?xml version="1.0" encoding="UTF-8"?>

<configuration xmlns:xsi="http://www.w3.org/2001/XMLSchema-instance" xsi:noNamespaceSchemaLocation="http://sumo.dlr.de/xsd/sumoConfiguration.xsd">

    <input>
        <net-file value="/home/xian/memphis-0206/osm.net.xml"/>
        <route-files value="/home/xian/memphis-0206/osm.rou.xml"/>
        <additional-files value="/home/xian/memphis-0206/osm.poly.xml,/home/xian/memphis-0206/osm.add.xml"/>
    </input>

    <output>
        <tripinfo-output value="/home/xian/memphis-0206/osm.out.tripdata.xml"/>
        <vehroute-output value="/home/xian/memphis-0206/osm.out.roudata.xml"/>
    </output>

    <time>
        <begin value="0.0"/>
        <end value="3600.0"/>
        <step-length value="0.2"/>
    </time>

    <processing>
        <ignore-route-errors value="true"/>
        <time-to-teleport value="-1"/>
        <pedestrian.model value="striping"/>
    </processing>

    <random_number>
        <seed value="0"/>
    </random_number>

    <gui_only>
        <tracker-interval value="0.2"/>
    </gui_only>

</configuration>
-->

<routes xmlns:xsi="http://www.w3.org/2001/XMLSchema-instance" xsi:noNamespaceSchemaLocation="http://sumo.dlr.de/xsd/routes_file.xsd">
</routes>
