<?xml version="1.0" encoding="UTF-8"?>

<!-- generated on Tue 06 Feb 2018 09:29:31 AM CST by SUMO gui Version 0.32.0
<?xml version="1.0" encoding="UTF-8"?>

<configuration xmlns:xsi="http://www.w3.org/2001/XMLSchema-instance" xsi:noNamespaceSchemaLocation="http://sumo.dlr.de/xsd/sumoConfiguration.xsd">

    <input>
        <net-file value="/home/xian/memphis-0206/osm.net.xml"/>
        <route-files value="/home/xian/memphis-0206/osm.rou.xml"/>
        <additional-files value="/home/xian/memphis-0206/osm.poly.xml,/home/xian/memphis-0206/osm.add.xml"/>
    </input>

    <output>
        <tripinfo-output value="/home/xian/memphis-0206/osm.out.tripdata.xml"/>
        <vehroute-output value="/home/xian/memphis-0206/osm.out.roudata.xml"/>
    </output>

    <time>
        <begin value="0.0"/>
        <end value="3600.0"/>
        <step-length value="0.2"/>
    </time>

    <processing>
        <ignore-route-errors value="true"/>
        <time-to-teleport value="-1"/>
        <pedestrian.model value="striping"/>
    </processing>

    <random_number>
        <seed value="0"/>
    </random_number>

    <gui_only>
        <tracker-interval value="0.2"/>
    </gui_only>

</configuration>
-->

<meandata xmlns:xsi="http://www.w3.org/2001/XMLSchema-instance" xsi:noNamespaceSchemaLocation="http://sumo.dlr.de/xsd/meandata_file.xsd">
    <interval begin="0.00" end="13.60" id="output_edgedata_60">
        <edge id="-100281069#0" sampledSeconds="7.40" traveltime="6.45" overlapTraveltime="6.69" density="4.76" occupancy="0.66" waitingTime="0.00" speed="17.73" departed="0" arrived="0" entered="2" left="0" laneChangedFrom="0" laneChangedTo="0"/>
        <edge id="-100281069#1" sampledSeconds="19.79" traveltime="11.42" overlapTraveltime="11.64" density="12.10" occupancy="1.70" waitingTime="0.00" speed="10.71" departed="2" arrived="0" entered="1" left="2" laneChangedFrom="0" laneChangedTo="0"/>
        <edge id="-100281069#2" sampledSeconds="15.89" traveltime="7.71" overlapTraveltime="7.96" density="9.56" occupancy="1.31" waitingTime="0.00" speed="15.89" departed="0" arrived="0" entered="3" left="1" laneChangedFrom="0" laneChangedTo="0"/>
        <edge id="-100281069#3" sampledSeconds="11.17" traveltime="2.96" overlapTraveltime="3.37" density="23.08" occupancy="2.96" waitingTime="0.00" speed="11.83" departed="0" arrived="0" entered="4" left="3" laneChangedFrom="0" laneChangedTo="0"/>
        <edge id="-100281069#4" sampledSeconds="16.96" traveltime="6.33" overlapTraveltime="6.71" density="16.07" occupancy="2.17" waitingTime="0.00" speed="12.21" departed="1" arrived="0" entered="3" left="3" laneChangedFrom="0" laneChangedTo="0"/>
        <edge id="-100281069#5" sampledSeconds="18.71" traveltime="9.64" overlapTraveltime="9.87" density="13.63" occupancy="1.89" waitingTime="0.00" speed="10.66" departed="2" arrived="0" entered="1" left="3" laneChangedFrom="0" laneChangedTo="0"/>
        <edge id="-100281069#6" sampledSeconds="9.42" traveltime="8.28" overlapTraveltime="8.60" density="8.93" occupancy="1.21" waitingTime="0.00" speed="9.51" departed="1" arrived="0" entered="2" left="1" laneChangedFrom="0" laneChangedTo="0"/>
        <edge id="-130097888#10" sampledSeconds="5.02" traveltime="7.17" overlapTraveltime="7.42" density="3.08" occupancy="1.25" waitingTime="0.00" speed="16.71" departed="0" arrived="0" entered="2" left="0" laneChangedFrom="0" laneChangedTo="0"/>
        <edge id="-130097888#11" sampledSeconds="29.26" traveltime="12.85" overlapTraveltime="13.22" density="19.94" occupancy="8.12" waitingTime="0.00" speed="8.49" departed="3" arrived="0" entered="0" left="3" laneChangedFrom="0" laneChangedTo="0"/>
        <edge id="-130097888#13" sampledSeconds="2.22" traveltime="4.59" overlapTraveltime="4.79" density="1.61" occupancy="0.66" waitingTime="0.00" speed="22.10" departed="0" arrived="0" entered="1" left="0" laneChangedFrom="0" laneChangedTo="0"/>
        <edge id="-130097888#14" sampledSeconds="1.52" traveltime="1.23" overlapTraveltime="1.43" density="4.58" occupancy="1.50" waitingTime="0.00" speed="20.11" departed="0" arrived="0" entered="2" left="1" laneChangedFrom="0" laneChangedTo="0"/>
        <edge id="-130097888#15" sampledSeconds="10.47" traveltime="9.86" overlapTraveltime="10.08" density="6.86" occupancy="2.89" waitingTime="0.00" speed="11.55" departed="1" arrived="0" entered="1" left="1" laneChangedFrom="0" laneChangedTo="0"/>
        <edge id="-130097888#16" sampledSeconds="10.57" traveltime="8.02" overlapTraveltime="8.23" density="6.01" occupancy="2.46" waitingTime="0.00" speed="16.24" departed="0" arrived="0" entered="2" left="1" laneChangedFrom="0" laneChangedTo="0"/>
        <edge id="-130097888#17" sampledSeconds="4.18" traveltime="16.63" overlapTraveltime="15.81" density="4.18" occupancy="1.69" waitingTime="0.00" speed="4.93" departed="1" arrived="0" entered="0" left="1" laneChangedFrom="0" laneChangedTo="0"/>
        <edge id="-130097888#19" sampledSeconds="11.26" traveltime="7.65" overlapTraveltime="7.95" density="8.54" occupancy="3.59" waitingTime="0.00" speed="12.73" departed="1" arrived="0" entered="1" left="1" laneChangedFrom="0" laneChangedTo="0"/>
        <edge id="-130097888#20" sampledSeconds="20.05" traveltime="8.27" overlapTraveltime="8.54" density="15.15" occupancy="6.25" waitingTime="0.00" speed="11.90" departed="1" arrived="0" entered="2" left="2" laneChangedFrom="0" laneChangedTo="0"/>
        <edge id="-130097888#21" sampledSeconds="2.01" traveltime="27.20" overlapTraveltime="14.80" density="4.26" occupancy="1.34" waitingTime="0.00" speed="2.63" departed="1" arrived="0" entered="0" left="1" laneChangedFrom="0" laneChangedTo="0"/>
        <edge id="-130097888#5" sampledSeconds="8.56" traveltime="15.16" overlapTraveltime="15.67" density="6.45" occupancy="2.68" waitingTime="0.00" speed="6.50" departed="1" arrived="0" entered="0" left="1" laneChangedFrom="0" laneChangedTo="0"/>
        <edge id="-130097888#6" sampledSeconds="13.40" traveltime="18.57" overlapTraveltime="19.23" density="8.04" occupancy="3.46" waitingTime="1.40" speed="6.60" departed="1" arrived="0" entered="0" left="0" laneChangedFrom="0" laneChangedTo="0"/>
        <edge id="-130097888#8" sampledSeconds="5.37" traveltime="5.56" overlapTraveltime="5.76" density="3.30" occupancy="1.39" waitingTime="0.00" speed="21.54" departed="0" arrived="0" entered="1" left="0" laneChangedFrom="0" laneChangedTo="0"/>
        <edge id="-130097888#9" sampledSeconds="7.77" traveltime="12.47" overlapTraveltime="12.55" density="5.18" occupancy="2.19" waitingTime="0.00" speed="9.13" departed="1" arrived="0" entered="0" left="1" laneChangedFrom="0" laneChangedTo="0"/>
        <edge id="-165538136#3" sampledSeconds="10.41" traveltime="7.88" overlapTraveltime="8.16" density="6.24" occupancy="1.30" waitingTime="0.00" speed="15.56" departed="0" arrived="0" entered="2" left="0" laneChangedFrom="0" laneChangedTo="0"/>
        <edge id="-165538136#4" sampledSeconds="3.17" traveltime="1.22" overlapTraveltime="1.58" density="19.24" occupancy="3.03" waitingTime="0.00" speed="10.36" departed="0" arrived="0" entered="2" left="2" laneChangedFrom="0" laneChangedTo="0"/>
        <edge id="-165538136#5" sampledSeconds="3.26" traveltime="6.88" overlapTraveltime="6.77" density="10.15" occupancy="1.99" waitingTime="0.00" speed="4.12" departed="1" arrived="0" entered="0" left="1" laneChangedFrom="0" laneChangedTo="0"/>
        <edge id="-165538136#6" sampledSeconds="7.81" traveltime="5.59" overlapTraveltime="6.17" density="10.96" occupancy="2.24" waitingTime="0.00" speed="9.18" departed="1" arrived="0" entered="1" left="1" laneChangedFrom="0" laneChangedTo="0"/>
        <edge id="-165538136#7" sampledSeconds="11.81" traveltime="14.97" overlapTraveltime="15.09" density="4.28" occupancy="0.91" waitingTime="0.00" speed="13.74" departed="1" arrived="0" entered="0" left="1" laneChangedFrom="0" laneChangedTo="0"/>
        <edge id="-165538136#8" sampledSeconds="4.12" traveltime="10.22" overlapTraveltime="10.53" density="2.17" occupancy="0.44" waitingTime="0.00" speed="13.68" departed="0" arrived="0" entered="1" left="0" laneChangedFrom="0" laneChangedTo="0"/>
        <edge id="-165538136#9" sampledSeconds="14.52" traveltime="13.17" overlapTraveltime="13.76" density="8.79" occupancy="1.82" waitingTime="0.00" speed="9.15" departed="1" arrived="0" entered="1" left="1" laneChangedFrom="0" laneChangedTo="0"/>
        <edge id="-19608619" sampledSeconds="11.60" traveltime="4.34" overlapTraveltime="4.97" density="31.08" occupancy="12.32" waitingTime="0.00" speed="6.39" departed="1" arrived="0" entered="2" left="2" laneChangedFrom="0" laneChangedTo="0"/>
        <edge id="-19612427" sampledSeconds="13.40" traveltime="53.32" overlapTraveltime="53.73" density="1.76" occupancy="0.76" waitingTime="0.00" speed="10.49" departed="1" arrived="0" entered="0" left="0" laneChangedFrom="0" laneChangedTo="0"/>
        <edge id="-19615292#0" sampledSeconds="19.70" traveltime="8.68" overlapTraveltime="9.02" density="13.16" occupancy="5.50" waitingTime="0.00" speed="12.68" departed="0" arrived="0" entered="3" left="0" laneChangedFrom="0" laneChangedTo="0"/>
        <edge id="-19615292#1" sampledSeconds="18.22" traveltime="9.93" overlapTraveltime="10.30" density="11.69" occupancy="4.88" waitingTime="0.00" speed="11.54" departed="0" arrived="0" entered="2" left="0" laneChangedFrom="0" laneChangedTo="0"/>
        <edge id="-19615806#0" sampledSeconds="7.59" traveltime="17.21" overlapTraveltime="17.58" density="5.56" occupancy="2.30" waitingTime="0.00" speed="5.95" departed="1" arrived="0" entered="0" left="1" laneChangedFrom="0" laneChangedTo="0"/>
        <edge id="-19615806#1" sampledSeconds="6.58" traveltime="8.14" overlapTraveltime="8.48" density="4.73" occupancy="1.95" waitingTime="0.00" speed="12.58" departed="0" arrived="0" entered="1" left="0" laneChangedFrom="0" laneChangedTo="0"/>
        <edge id="-19615806#2" sampledSeconds="3.76" traveltime="7.84" overlapTraveltime="8.21" density="3.08" occupancy="1.23" waitingTime="0.00" speed="11.45" departed="0" arrived="0" entered="1" left="0" laneChangedFrom="0" laneChangedTo="0"/>
        <edge id="-19615806#3" sampledSeconds="4.60" traveltime="28.07" overlapTraveltime="26.32" density="3.11" occupancy="1.25" waitingTime="0.00" speed="4.29" departed="1" arrived="0" entered="0" left="1" laneChangedFrom="0" laneChangedTo="0"/>
        <edge id="-19615840#0" sampledSeconds="5.36" traveltime="4.77" overlapTraveltime="5.36" density="10.18" occupancy="3.93" waitingTime="0.00" speed="8.03" departed="0" arrived="0" entered="1" left="1" laneChangedFrom="0" laneChangedTo="0"/>
        <edge id="-19615840#1" sampledSeconds="3.22" traveltime="16.16" overlapTraveltime="16.48" density="1.11" occupancy="0.45" waitingTime="0.00" speed="13.23" departed="0" arrived="0" entered="1" left="0" laneChangedFrom="0" laneChangedTo="0"/>
        <edge id="-19615846#0" sampledSeconds="16.85" traveltime="10.95" overlapTraveltime="11.30" density="9.07" occupancy="3.72" waitingTime="0.00" speed="12.48" departed="0" arrived="0" entered="3" left="0" laneChangedFrom="0" laneChangedTo="0"/>
        <edge id="-19615846#1" sampledSeconds="5.68" traveltime="2.55" overlapTraveltime="2.96" density="26.91" occupancy="9.14" waitingTime="0.00" speed="6.69" departed="1" arrived="0" entered="1" left="2" laneChangedFrom="0" laneChangedTo="0"/>
        <edge id="-19615846#2" sampledSeconds="9.36" traveltime="16.55" overlapTraveltime="16.29" density="9.31" occupancy="3.75" waitingTime="0.00" speed="4.80" departed="2" arrived="0" entered="0" left="2" laneChangedFrom="0" laneChangedTo="0"/>
        <edge id="-19618278#0" sampledSeconds="9.77" traveltime="11.82" overlapTraveltime="12.41" density="8.18" occupancy="3.41" waitingTime="0.00" speed="7.43" departed="1" arrived="0" entered="0" left="1" laneChangedFrom="0" laneChangedTo="0"/>
        <edge id="-19618278#1" sampledSeconds="11.25" traveltime="5.41" overlapTraveltime="5.85" density="17.53" occupancy="6.96" waitingTime="0.00" speed="8.80" departed="1" arrived="0" entered="2" left="2" laneChangedFrom="0" laneChangedTo="0"/>
        <edge id="-19618278#2" sampledSeconds="17.92" traveltime="12.12" overlapTraveltime="12.45" density="9.47" occupancy="4.00" waitingTime="0.00" speed="11.53" departed="1" arrived="0" entered="1" left="1" laneChangedFrom="0" laneChangedTo="0"/>
        <edge id="-19618278#3" sampledSeconds="27.85" traveltime="24.31" overlapTraveltime="24.63" density="7.96" occupancy="3.36" waitingTime="0.00" speed="10.62" departed="2" arrived="0" entered="1" left="1" laneChangedFrom="0" laneChangedTo="0"/>
        <edge id="-19618854#1" sampledSeconds="13.40" traveltime="16.83" overlapTraveltime="17.23" density="5.49" occupancy="2.36" waitingTime="0.00" speed="10.67" departed="1" arrived="0" entered="0" left="0" laneChangedFrom="0" laneChangedTo="0"/>
        <edge id="-19618858#1" sampledSeconds="4.72" traveltime="8.57" overlapTraveltime="8.93" density="3.40" occupancy="1.38" waitingTime="0.00" speed="11.92" departed="0" arrived="0" entered="1" left="0" laneChangedFrom="0" laneChangedTo="0"/>
        <edge id="-19620444#2" sampledSeconds="5.83" traveltime="6.56" overlapTraveltime="6.80" density="3.57" occupancy="0.75" waitingTime="0.00" speed="18.31" departed="0" arrived="0" entered="1" left="0" laneChangedFrom="0" laneChangedTo="0"/>
        <edge id="-19620444#3" sampledSeconds="7.27" traveltime="14.58" overlapTraveltime="14.58" density="4.66" occupancy="0.98" waitingTime="0.00" speed="8.16" departed="1" arrived="0" entered="0" left="1" laneChangedFrom="0" laneChangedTo="0"/>
        <edge id="-19620444#5" sampledSeconds="8.81" traveltime="13.27" overlapTraveltime="13.89" density="7.41" occupancy="1.54" waitingTime="0.00" speed="6.61" departed="1" arrived="0" entered="0" left="1" laneChangedFrom="0" laneChangedTo="0"/>
        <edge id="-19623564#0" sampledSeconds="20.93" traveltime="10.52" overlapTraveltime="10.83" density="12.37" occupancy="2.57" waitingTime="0.00" speed="11.88" departed="2" arrived="0" entered="1" left="3" laneChangedFrom="0" laneChangedTo="0"/>
        <edge id="-19623564#1" sampledSeconds="4.97" traveltime="10.71" overlapTraveltime="11.08" density="2.89" occupancy="0.55" waitingTime="0.00" speed="11.80" departed="0" arrived="0" entered="3" left="0" laneChangedFrom="0" laneChangedTo="0"/>
        <edge id="-19623564#2" sampledSeconds="23.81" traveltime="6.71" overlapTraveltime="7.13" density="22.36" occupancy="4.46" waitingTime="0.00" speed="11.59" departed="0" arrived="0" entered="5" left="2" laneChangedFrom="0" laneChangedTo="0"/>
        <edge id="-19626112#0" sampledSeconds="29.88" traveltime="13.45" overlapTraveltime="13.96" density="15.89" occupancy="6.60" waitingTime="0.00" speed="10.21" departed="1" arrived="0" entered="2" left="1" laneChangedFrom="0" laneChangedTo="0"/>
        <edge id="-19627529#1" sampledSeconds="3.13" traveltime="7.47" overlapTraveltime="7.79" density="2.30" occupancy="0.93" waitingTime="0.00" speed="13.41" departed="0" arrived="0" entered="1" left="0" laneChangedFrom="0" laneChangedTo="0"/>
        <edge id="-19627529#2" sampledSeconds="18.49" traveltime="10.58" overlapTraveltime="11.15" density="13.64" occupancy="5.63" waitingTime="0.00" speed="9.33" departed="1" arrived="0" entered="2" left="1" laneChangedFrom="0" laneChangedTo="0"/>
        <edge id="-19627795" sampledSeconds="11.74" traveltime="11.06" overlapTraveltime="12.18" density="6.96" occupancy="2.81" waitingTime="0.00" speed="10.54" departed="1" arrived="0" entered="1" left="1" laneChangedFrom="0" laneChangedTo="0"/>
        <edge id="-19628050#0" sampledSeconds="17.88" traveltime="6.79" overlapTraveltime="7.48" density="30.94" occupancy="12.61" waitingTime="2.00" speed="6.26" departed="0" arrived="0" entered="4" left="0" laneChangedFrom="0" laneChangedTo="0"/>
        <edge id="-19628050#1" sampledSeconds="18.69" traveltime="6.80" overlapTraveltime="7.12" density="21.09" occupancy="8.37" waitingTime="0.00" speed="9.76" departed="2" arrived="0" entered="2" left="3" laneChangedFrom="0" laneChangedTo="0"/>
        <edge id="-19628050#3" sampledSeconds="13.38" traveltime="6.48" overlapTraveltime="6.69" density="11.36" occupancy="4.58" waitingTime="0.00" speed="13.59" departed="0" arrived="0" entered="2" left="2" laneChangedFrom="0" laneChangedTo="0"/>
        <edge id="-19628050#4" sampledSeconds="3.77" traveltime="1.86" overlapTraveltime="2.44" density="14.63" occupancy="5.14" waitingTime="0.00" speed="9.52" departed="0" arrived="0" entered="2" left="1" laneChangedFrom="0" laneChangedTo="0"/>
        <edge id="-19628050#5" sampledSeconds="3.49" traveltime="3.30" overlapTraveltime="3.49" density="3.56" occupancy="1.44" waitingTime="0.00" speed="21.89" departed="0" arrived="0" entered="1" left="1" laneChangedFrom="0" laneChangedTo="0"/>
        <edge id="-19628050#6" sampledSeconds="4.10" traveltime="3.89" overlapTraveltime="4.10" density="5.10" occupancy="2.04" waitingTime="0.00" speed="15.45" departed="0" arrived="0" entered="1" left="1" laneChangedFrom="0" laneChangedTo="0"/>
        <edge id="-19628050#7" sampledSeconds="4.32" traveltime="4.51" overlapTraveltime="4.89" density="14.86" occupancy="5.81" waitingTime="0.00" speed="5.25" departed="1" arrived="0" entered="0" left="1" laneChangedFrom="0" laneChangedTo="0"/>
        <edge id="-19629027#0" sampledSeconds="7.19" traveltime="12.94" overlapTraveltime="13.26" density="3.10" occupancy="1.29" waitingTime="0.00" speed="13.20" departed="0" arrived="0" entered="1" left="0" laneChangedFrom="0" laneChangedTo="0"/>
        <edge id="-19629027#2" sampledSeconds="17.48" traveltime="7.47" overlapTraveltime="8.02" density="19.45" occupancy="7.67" waitingTime="0.00" speed="8.78" departed="1" arrived="0" entered="3" left="2" laneChangedFrom="0" laneChangedTo="0"/>
        <edge id="-19629452#0" sampledSeconds="35.40" traveltime="14.08" overlapTraveltime="14.58" density="18.42" occupancy="7.83" waitingTime="0.00" speed="9.99" departed="2" arrived="0" entered="1" left="1" laneChangedFrom="0" laneChangedTo="0"/>
        <edge id="-19629453" sampledSeconds="12.40" traveltime="10.77" overlapTraveltime="11.35" density="10.21" occupancy="4.20" waitingTime="0.00" speed="8.25" departed="1" arrived="0" entered="1" left="1" laneChangedFrom="0" laneChangedTo="0"/>
        <edge id="-19629983#0" sampledSeconds="17.68" traveltime="12.66" overlapTraveltime="12.99" density="7.81" occupancy="3.24" waitingTime="0.00" speed="13.15" departed="0" arrived="0" entered="3" left="0" laneChangedFrom="0" laneChangedTo="0"/>
        <edge id="-19629983#1" sampledSeconds="5.43" traveltime="2.26" overlapTraveltime="2.79" density="21.82" occupancy="7.89" waitingTime="0.00" speed="8.11" departed="1" arrived="0" entered="2" left="2" laneChangedFrom="0" laneChangedTo="0"/>
        <edge id="-19629983#2" sampledSeconds="16.45" traveltime="36.64" overlapTraveltime="36.79" density="3.66" occupancy="1.54" waitingTime="0.00" speed="9.10" departed="2" arrived="0" entered="0" left="2" laneChangedFrom="0" laneChangedTo="0"/>
        <edge id="-19631493#0" sampledSeconds="5.83" traveltime="109.83" overlapTraveltime="103.95" density="1.58" occupancy="0.61" waitingTime="0.00" speed="2.64" departed="1" arrived="0" entered="0" left="1" laneChangedFrom="0" laneChangedTo="0"/>
        <edge id="-19631509#1" sampledSeconds="3.72" traveltime="4.79" overlapTraveltime="5.10" density="4.16" occupancy="1.71" waitingTime="0.00" speed="13.76" departed="0" arrived="0" entered="1" left="0" laneChangedFrom="0" laneChangedTo="0"/>
        <edge id="-19631509#2" sampledSeconds="5.25" traveltime="4.94" overlapTraveltime="5.25" density="6.12" occupancy="2.44" waitingTime="0.00" speed="12.83" departed="0" arrived="0" entered="1" left="1" laneChangedFrom="0" laneChangedTo="0"/>
        <edge id="-19631509#3" sampledSeconds="3.51" traveltime="18.02" overlapTraveltime="16.44" density="3.93" occupancy="1.55" waitingTime="0.00" speed="4.26" departed="1" arrived="0" entered="0" left="1" laneChangedFrom="0" laneChangedTo="0"/>
        <edge id="-19631509#4" sampledSeconds="7.60" traveltime="21.37" overlapTraveltime="21.74" density="4.66" occupancy="1.92" waitingTime="0.00" speed="5.71" departed="1" arrived="0" entered="0" left="1" laneChangedFrom="0" laneChangedTo="0"/>
        <edge id="-19632204#0" sampledSeconds="3.53" traveltime="10.08" overlapTraveltime="9.64" density="6.69" occupancy="2.66" waitingTime="0.00" speed="4.47" departed="1" arrived="0" entered="0" left="1" laneChangedFrom="0" laneChangedTo="0"/>
        <edge id="-19633324#0" sampledSeconds="9.86" traveltime="5.72" overlapTraveltime="6.23" density="10.81" occupancy="2.14" waitingTime="0.00" speed="11.46" departed="0" arrived="0" entered="3" left="1" laneChangedFrom="0" laneChangedTo="0"/>
        <edge id="-19633324#1" sampledSeconds="5.72" traveltime="2.68" overlapTraveltime="2.86" density="6.52" occupancy="1.31" waitingTime="0.00" speed="24.07" departed="0" arrived="0" entered="2" left="2" laneChangedFrom="0" laneChangedTo="0"/>
        <edge id="-19633324#2" sampledSeconds="17.32" traveltime="4.80" overlapTraveltime="5.06" density="19.83" occupancy="3.97" waitingTime="0.00" speed="13.54" departed="0" arrived="0" entered="4" left="2" laneChangedFrom="0" laneChangedTo="0"/>
        <edge id="-19633324#3" sampledSeconds="15.36" traveltime="6.42" overlapTraveltime="6.82" density="17.24" occupancy="3.49" waitingTime="0.00" speed="10.24" departed="1" arrived="0" entered="3" left="2" laneChangedFrom="0" laneChangedTo="0"/>
        <edge id="-19633324#4" sampledSeconds="6.10" traveltime="5.90" overlapTraveltime="6.10" density="3.66" occupancy="0.76" waitingTime="0.00" speed="20.80" departed="0" arrived="0" entered="1" left="1" laneChangedFrom="0" laneChangedTo="0"/>
        <edge id="-19633324#6" sampledSeconds="18.56" traveltime="17.67" overlapTraveltime="18.21" density="11.26" occupancy="2.31" waitingTime="0.00" speed="6.89" departed="3" arrived="0" entered="0" left="3" laneChangedFrom="0" laneChangedTo="0"/>
        <edge id="-19637107#0" sampledSeconds="3.21" traveltime="1.85" overlapTraveltime="2.48" density="21.61" occupancy="6.67" waitingTime="0.00" speed="6.13" departed="0" arrived="0" entered="2" left="1" laneChangedFrom="0" laneChangedTo="0"/>
        <edge id="-19639004#0" sampledSeconds="21.89" traveltime="11.77" overlapTraveltime="12.28" density="13.88" occupancy="5.91" waitingTime="0.00" speed="9.80" departed="1" arrived="0" entered="1" left="1" laneChangedFrom="0" laneChangedTo="0"/>
        <edge id="-19639004#1" sampledSeconds="4.48" traveltime="20.18" overlapTraveltime="19.22" density="3.22" occupancy="1.32" waitingTime="0.00" speed="5.55" departed="1" arrived="0" entered="0" left="1" laneChangedFrom="0" laneChangedTo="0"/>
        <edge id="-19640721#0" sampledSeconds="6.91" traveltime="21.05" overlapTraveltime="22.38" density="4.99" occupancy="2.00" waitingTime="0.00" speed="4.74" departed="1" arrived="0" entered="0" left="1" laneChangedFrom="0" laneChangedTo="0"/>
        <edge id="-19640721#1" sampledSeconds="23.06" traveltime="9.32" overlapTraveltime="9.67" density="14.88" occupancy="6.10" waitingTime="0.00" speed="12.23" departed="0" arrived="0" entered="4" left="0" laneChangedFrom="0" laneChangedTo="0"/>
        <edge id="-19640721#2" sampledSeconds="10.70" traveltime="17.12" overlapTraveltime="16.77" density="7.87" occupancy="3.26" waitingTime="0.00" speed="6.22" departed="2" arrived="0" entered="0" left="2" laneChangedFrom="0" laneChangedTo="0"/>
        <edge id="-19641153" sampledSeconds="18.17" traveltime="7.12" overlapTraveltime="7.82" density="33.74" occupancy="13.23" waitingTime="0.00" speed="5.62" departed="3" arrived="0" entered="1" left="4" laneChangedFrom="0" laneChangedTo="0"/>
        <edge id="-19641987#0" sampledSeconds="24.58" traveltime="22.22" overlapTraveltime="23.30" density="15.13" occupancy="6.22" waitingTime="2.20" speed="5.31" departed="2" arrived="0" entered="2" left="1" laneChangedFrom="0" laneChangedTo="0"/>
        <edge id="-19641990#2" sampledSeconds="1.69" traveltime="11.50" overlapTraveltime="11.89" density="0.99" occupancy="0.37" waitingTime="0.00" speed="10.87" departed="0" arrived="0" entered="1" left="0" laneChangedFrom="0" laneChangedTo="0"/>
        <edge id="-19642356" sampledSeconds="13.40" traveltime="21.16" overlapTraveltime="21.56" density="4.32" occupancy="1.86" waitingTime="0.00" speed="10.77" departed="1" arrived="0" entered="0" left="0" laneChangedFrom="0" laneChangedTo="0"/>
        <edge id="-19643255#0" sampledSeconds="8.90" traveltime="6.89" overlapTraveltime="7.09" density="19.25" occupancy="7.87" waitingTime="0.00" speed="5.40" departed="2" arrived="0" entered="0" left="2" laneChangedFrom="0" laneChangedTo="0"/>
        <edge id="-19645123#1" sampledSeconds="12.84" traveltime="14.43" overlapTraveltime="14.73" density="6.17" occupancy="2.62" waitingTime="0.00" speed="10.68" departed="1" arrived="0" entered="0" left="1" laneChangedFrom="0" laneChangedTo="0"/>
        <edge id="-19645442#1" sampledSeconds="13.40" traveltime="16.77" overlapTraveltime="17.17" density="5.51" occupancy="2.37" waitingTime="0.00" speed="10.66" departed="1" arrived="0" entered="0" left="0" laneChangedFrom="0" laneChangedTo="0"/>
        <edge id="-19646568#0" sampledSeconds="9.93" traveltime="4.34" overlapTraveltime="4.96" density="21.75" occupancy="8.45" waitingTime="0.00" speed="7.63" departed="0" arrived="0" entered="2" left="2" laneChangedFrom="0" laneChangedTo="0"/>
        <edge id="-19646568#1" sampledSeconds="9.86" traveltime="5.22" overlapTraveltime="5.54" density="16.71" occupancy="6.73" waitingTime="0.00" speed="8.60" departed="1" arrived="0" entered="1" left="2" laneChangedFrom="0" laneChangedTo="0"/>
        <edge id="-19648519#0" sampledSeconds="6.68" traveltime="5.71" overlapTraveltime="6.23" density="9.14" occupancy="3.66" waitingTime="0.00" speed="9.32" departed="0" arrived="0" entered="2" left="1" laneChangedFrom="0" laneChangedTo="0"/>
        <edge id="-19648519#3" sampledSeconds="33.59" traveltime="16.89" overlapTraveltime="17.51" density="21.93" occupancy="9.18" waitingTime="0.00" speed="6.68" departed="3" arrived="0" entered="0" left="3" laneChangedFrom="0" laneChangedTo="0"/>
        <edge id="-19649020#0" sampledSeconds="10.98" traveltime="7.06" overlapTraveltime="7.40" density="8.93" occupancy="3.63" waitingTime="0.00" speed="12.80" departed="0" arrived="0" entered="3" left="0" laneChangedFrom="0" laneChangedTo="0"/>
        <edge id="-19649020#1" sampledSeconds="19.86" traveltime="7.54" overlapTraveltime="7.88" density="18.53" occupancy="7.59" waitingTime="0.00" speed="10.55" departed="1" arrived="0" entered="2" left="2" laneChangedFrom="0" laneChangedTo="0"/>
        <edge id="-19649020#2" sampledSeconds="5.77" traveltime="6.25" overlapTraveltime="6.60" density="5.48" occupancy="2.25" waitingTime="0.00" speed="12.38" departed="0" arrived="0" entered="1" left="0" laneChangedFrom="0" laneChangedTo="0"/>
        <edge id="-19649418#0" sampledSeconds="0.02" traveltime="4.80" overlapTraveltime="5.11" density="0.02" occupancy="0.00" waitingTime="0.00" speed="13.69" departed="0" arrived="0" entered="1" left="0" laneChangedFrom="0" laneChangedTo="0"/>
        <edge id="-19649418#1" sampledSeconds="1.09" traveltime="0.77" overlapTraveltime="1.09" density="7.45" occupancy="2.28" waitingTime="0.00" speed="13.84" departed="0" arrived="0" entered="1" left="1" laneChangedFrom="0" laneChangedTo="0"/>
        <edge id="-19649418#2" sampledSeconds="4.01" traveltime="3.69" overlapTraveltime="4.01" density="6.51" occupancy="2.52" waitingTime="0.00" speed="12.37" departed="0" arrived="0" entered="1" left="1" laneChangedFrom="0" laneChangedTo="0"/>
        <edge id="-19649418#3" sampledSeconds="6.99" traveltime="12.24" overlapTraveltime="12.72" density="8.13" occupancy="3.34" waitingTime="0.00" speed="5.31" departed="1" arrived="0" entered="0" left="1" laneChangedFrom="0" laneChangedTo="0"/>
        <edge id="-19650621" sampledSeconds="5.93" traveltime="5.35" overlapTraveltime="5.93" density="8.13" occupancy="3.23" waitingTime="0.00" speed="9.77" departed="0" arrived="0" entered="1" left="1" laneChangedFrom="0" laneChangedTo="0"/>
        <edge id="-19653578#0" sampledSeconds="18.28" traveltime="9.60" overlapTraveltime="10.09" density="12.07" occupancy="4.95" waitingTime="0.00" speed="11.47" departed="0" arrived="0" entered="2" left="1" laneChangedFrom="0" laneChangedTo="0"/>
        <edge id="-19656059" sampledSeconds="13.40" traveltime="48.25" overlapTraveltime="48.65" density="1.89" occupancy="0.81" waitingTime="0.00" speed="10.78" departed="1" arrived="0" entered="0" left="0" laneChangedFrom="0" laneChangedTo="0"/>
        <edge id="-19658213#0" sampledSeconds="2.50" traveltime="41.46" overlapTraveltime="32.11" density="1.63" occupancy="0.60" waitingTime="0.00" speed="3.65" departed="1" arrived="0" entered="0" left="1" laneChangedFrom="0" laneChangedTo="0"/>
        <edge id="-25887664#11" sampledSeconds="8.16" traveltime="9.12" overlapTraveltime="9.35" density="3.50" occupancy="0.49" waitingTime="0.00" speed="18.82" departed="0" arrived="0" entered="1" left="0" laneChangedFrom="0" laneChangedTo="0"/>
        <edge id="-25887664#12" sampledSeconds="16.74" traveltime="12.23" overlapTraveltime="12.84" density="15.70" occupancy="2.17" waitingTime="0.00" speed="6.44" departed="2" arrived="0" entered="0" left="2" laneChangedFrom="0" laneChangedTo="0"/>
        <edge id="-25887664#3" sampledSeconds="10.01" traveltime="15.40" overlapTraveltime="16.10" density="6.48" occupancy="0.90" waitingTime="0.00" speed="7.32" departed="1" arrived="0" entered="0" left="1" laneChangedFrom="0" laneChangedTo="0"/>
        <edge id="-25887664#4" sampledSeconds="4.55" traveltime="13.88" overlapTraveltime="13.53" density="6.10" occupancy="0.82" waitingTime="0.00" speed="4.38" departed="1" arrived="0" entered="0" left="1" laneChangedFrom="0" laneChangedTo="0"/>
        <edge id="-25887664#6" sampledSeconds="9.80" traveltime="14.18" overlapTraveltime="16.05" density="14.62" occupancy="1.96" waitingTime="0.80" speed="3.34" departed="1" arrived="0" entered="0" left="1" laneChangedFrom="0" laneChangedTo="0"/>
        <edge id="-351523420" sampledSeconds="15.40" traveltime="9.40" overlapTraveltime="10.14" density="16.23" occupancy="6.74" waitingTime="0.00" speed="7.31" departed="1" arrived="0" entered="1" left="2" laneChangedFrom="0" laneChangedTo="0"/>
        <edge id="-38723103#3" sampledSeconds="20.34" traveltime="13.56" overlapTraveltime="13.72" density="14.70" occupancy="6.15" waitingTime="0.00" speed="7.72" departed="3" arrived="0" entered="0" left="3" laneChangedFrom="0" laneChangedTo="0"/>
        <edge id="-38723103#7" sampledSeconds="6.05" traveltime="27.47" overlapTraveltime="26.67" density="2.47" occupancy="1.03" waitingTime="0.00" speed="6.91" departed="1" arrived="0" entered="0" left="1" laneChangedFrom="0" laneChangedTo="0"/>
        <edge id="-38728369#16" sampledSeconds="1.38" traveltime="1.75" overlapTraveltime="1.91" density="2.13" occupancy="0.43" waitingTime="0.00" speed="27.31" departed="0" arrived="0" entered="1" left="0" laneChangedFrom="0" laneChangedTo="0"/>
        <edge id="-38728369#17" sampledSeconds="2.03" traveltime="1.86" overlapTraveltime="2.03" density="3.38" occupancy="0.66" waitingTime="0.00" speed="23.88" departed="0" arrived="0" entered="1" left="1" laneChangedFrom="0" laneChangedTo="0"/>
        <edge id="-38728369#18" sampledSeconds="9.37" traveltime="6.07" overlapTraveltime="6.45" density="11.86" occupancy="2.40" waitingTime="0.00" speed="9.68" departed="1" arrived="0" entered="1" left="2" laneChangedFrom="0" laneChangedTo="0"/>
        <edge id="-38728369#19" sampledSeconds="5.62" traveltime="15.62" overlapTraveltime="15.38" density="4.23" occupancy="0.88" waitingTime="0.00" speed="6.64" departed="1" arrived="0" entered="0" left="1" laneChangedFrom="0" laneChangedTo="0"/>
        <edge id="-38728369#20" sampledSeconds="0.68" traveltime="0.79" overlapTraveltime="0.95" density="2.28" occupancy="0.43" waitingTime="0.00" speed="27.65" departed="0" arrived="0" entered="1" left="0" laneChangedFrom="0" laneChangedTo="0"/>
        <edge id="-38728369#21" sampledSeconds="5.22" traveltime="5.06" overlapTraveltime="5.22" density="3.44" occupancy="0.71" waitingTime="0.00" speed="22.21" departed="0" arrived="0" entered="1" left="1" laneChangedFrom="0" laneChangedTo="0"/>
        <edge id="-38728369#22" sampledSeconds="6.73" traveltime="8.61" overlapTraveltime="8.82" density="7.96" occupancy="1.67" waitingTime="0.00" speed="7.53" departed="1" arrived="0" entered="0" left="1" laneChangedFrom="0" laneChangedTo="0"/>
        <edge id="-38728369#26" sampledSeconds="0.93" traveltime="5.27" overlapTraveltime="5.64" density="1.13" occupancy="0.19" waitingTime="0.00" speed="11.51" departed="0" arrived="0" entered="1" left="0" laneChangedFrom="0" laneChangedTo="0"/>
        <edge id="-38728369#27" sampledSeconds="35.81" traveltime="20.21" overlapTraveltime="20.78" density="15.38" occupancy="3.26" waitingTime="0.00" speed="8.44" departed="3" arrived="0" entered="0" left="2" laneChangedFrom="0" laneChangedTo="0"/>
        <edge id="-38728369#30" sampledSeconds="3.75" traveltime="3.41" overlapTraveltime="3.58" density="3.08" occupancy="0.63" waitingTime="0.00" speed="26.19" departed="0" arrived="0" entered="2" left="0" laneChangedFrom="0" laneChangedTo="0"/>
        <edge id="-38728369#31" sampledSeconds="13.51" traveltime="6.57" overlapTraveltime="6.75" density="9.30" occupancy="1.91" waitingTime="0.00" speed="16.45" departed="0" arrived="0" entered="2" left="2" laneChangedFrom="0" laneChangedTo="0"/>
        <edge id="-38728369#32" sampledSeconds="8.63" traveltime="27.53" overlapTraveltime="26.19" density="5.10" occupancy="1.00" waitingTime="0.00" speed="4.92" departed="2" arrived="0" entered="1" left="2" laneChangedFrom="0" laneChangedTo="0"/>
        <edge id="-398895505" sampledSeconds="6.80" traveltime="6.15" overlapTraveltime="6.80" density="9.26" occupancy="3.64" waitingTime="0.00" speed="8.57" departed="0" arrived="0" entered="1" left="1" laneChangedFrom="0" laneChangedTo="0"/>
        <edge id="-398901242#0" sampledSeconds="6.19" traveltime="3.19" overlapTraveltime="3.76" density="16.94" occupancy="3.28" waitingTime="0.00" speed="8.28" departed="0" arrived="0" entered="2" left="1" laneChangedFrom="0" laneChangedTo="0"/>
        <edge id="-398901242#1" sampledSeconds="1.62" traveltime="1.29" overlapTraveltime="1.62" density="8.12" occupancy="1.35" waitingTime="0.00" speed="11.72" departed="0" arrived="0" entered="1" left="1" laneChangedFrom="0" laneChangedTo="0"/>
        <edge id="-398903630#0" sampledSeconds="3.14" traveltime="7.44" overlapTraveltime="7.76" density="2.26" occupancy="0.29" waitingTime="0.00" speed="13.73" departed="0" arrived="0" entered="2" left="0" laneChangedFrom="0" laneChangedTo="0"/>
        <edge id="-398903630#1" sampledSeconds="2.61" traveltime="0.98" overlapTraveltime="1.33" density="17.40" occupancy="1.82" waitingTime="0.00" speed="11.53" departed="0" arrived="0" entered="2" left="2" laneChangedFrom="0" laneChangedTo="0"/>
        <edge id="-398903630#2" sampledSeconds="42.45" traveltime="11.50" overlapTraveltime="11.96" density="32.58" occupancy="4.52" waitingTime="0.00" speed="8.37" departed="3" arrived="0" entered="2" left="4" laneChangedFrom="0" laneChangedTo="0"/>
        <edge id="-398903630#3" sampledSeconds="3.99" traveltime="18.62" overlapTraveltime="17.43" density="3.66" occupancy="0.49" waitingTime="0.00" speed="4.85" departed="1" arrived="0" entered="0" left="1" laneChangedFrom="0" laneChangedTo="0"/>
        <edge id="-496328339#0" sampledSeconds="7.57" traveltime="9.26" overlapTraveltime="9.60" density="4.76" occupancy="1.97" waitingTime="0.00" speed="12.64" departed="0" arrived="0" entered="1" left="0" laneChangedFrom="0" laneChangedTo="0"/>
        <edge id="-496328339#1" sampledSeconds="3.48" traveltime="26.95" overlapTraveltime="24.08" density="2.52" occupancy="1.00" waitingTime="0.00" speed="4.39" departed="1" arrived="0" entered="0" left="1" laneChangedFrom="0" laneChangedTo="0"/>
        <edge id="-496328339#2" sampledSeconds="2.43" traveltime="46.58" overlapTraveltime="35.61" density="1.43" occupancy="0.53" waitingTime="0.00" speed="3.64" departed="1" arrived="0" entered="0" left="1" laneChangedFrom="0" laneChangedTo="0"/>
        <edge id="-496328339#4" sampledSeconds="4.28" traveltime="25.33" overlapTraveltime="25.66" density="0.95" occupancy="0.39" waitingTime="0.00" speed="13.09" departed="0" arrived="0" entered="1" left="0" laneChangedFrom="0" laneChangedTo="0"/>
        <edge id="-97954660#2" sampledSeconds="13.40" traveltime="27.75" overlapTraveltime="29.20" density="4.34" occupancy="0.92" waitingTime="0.00" speed="7.93" departed="1" arrived="0" entered="0" left="1" laneChangedFrom="0" laneChangedTo="0"/>
        <edge id="100281066" sampledSeconds="0.46" traveltime="17.46" overlapTraveltime="17.65" density="0.09" occupancy="0.03" waitingTime="0.00" speed="21.98" departed="0" arrived="0" entered="1" left="0" laneChangedFrom="0" laneChangedTo="0"/>
        <edge id="100281069#2" sampledSeconds="11.18" traveltime="26.06" overlapTraveltime="26.03" density="6.73" occupancy="0.91" waitingTime="0.00" speed="4.86" departed="2" arrived="0" entered="0" left="2" laneChangedFrom="0" laneChangedTo="0"/>
        <edge id="100281069#3" sampledSeconds="8.19" traveltime="9.23" overlapTraveltime="9.24" density="16.92" occupancy="2.25" waitingTime="0.00" speed="4.32" departed="2" arrived="0" entered="0" left="2" laneChangedFrom="0" laneChangedTo="0"/>
        <edge id="100281069#4" sampledSeconds="5.38" traveltime="5.27" overlapTraveltime="5.53" density="5.10" occupancy="0.70" waitingTime="0.00" speed="14.79" departed="0" arrived="0" entered="1" left="1" laneChangedFrom="0" laneChangedTo="0"/>
        <edge id="130097888#10" sampledSeconds="13.40" traveltime="24.39" overlapTraveltime="26.70" density="8.23" occupancy="3.42" waitingTime="1.80" speed="4.65" departed="1" arrived="0" entered="0" left="1" laneChangedFrom="0" laneChangedTo="0"/>
        <edge id="130097888#11" sampledSeconds="5.19" traveltime="7.80" overlapTraveltime="8.11" density="3.53" occupancy="1.45" waitingTime="0.00" speed="13.83" departed="0" arrived="0" entered="1" left="0" laneChangedFrom="0" laneChangedTo="0"/>
        <edge id="130097888#16" sampledSeconds="13.40" traveltime="13.04" overlapTraveltime="13.67" density="7.62" occupancy="3.14" waitingTime="0.00" speed="9.78" departed="1" arrived="0" entered="0" left="1" laneChangedFrom="0" laneChangedTo="0"/>
        <edge id="130097888#17" sampledSeconds="6.00" traveltime="10.81" overlapTraveltime="10.88" density="5.99" occupancy="2.51" waitingTime="0.00" speed="7.16" departed="1" arrived="0" entered="0" left="1" laneChangedFrom="0" laneChangedTo="0"/>
        <edge id="130097888#18" sampledSeconds="11.80" traveltime="16.64" overlapTraveltime="16.89" density="3.02" occupancy="1.25" waitingTime="0.00" speed="17.27" departed="0" arrived="0" entered="2" left="0" laneChangedFrom="0" laneChangedTo="0"/>
        <edge id="130097888#2" sampledSeconds="2.55" traveltime="2.29" overlapTraveltime="2.55" density="6.09" occupancy="2.28" waitingTime="0.00" speed="13.77" departed="0" arrived="0" entered="1" left="1" laneChangedFrom="0" laneChangedTo="0"/>
        <edge id="130097888#20" sampledSeconds="8.22" traveltime="16.79" overlapTraveltime="17.33" density="6.21" occupancy="2.57" waitingTime="0.00" speed="5.87" departed="1" arrived="0" entered="0" left="1" laneChangedFrom="0" laneChangedTo="0"/>
        <edge id="130097888#3" sampledSeconds="0.30" traveltime="6.14" overlapTraveltime="6.37" density="0.20" occupancy="0.05" waitingTime="0.00" speed="18.28" departed="0" arrived="0" entered="1" left="0" laneChangedFrom="0" laneChangedTo="0"/>
        <edge id="130097888#5" sampledSeconds="13.95" traveltime="9.03" overlapTraveltime="9.32" density="10.50" occupancy="4.32" waitingTime="0.00" speed="10.94" departed="1" arrived="0" entered="2" left="1" laneChangedFrom="0" laneChangedTo="0"/>
        <edge id="130097888#6" sampledSeconds="4.88" traveltime="5.62" overlapTraveltime="5.81" density="2.93" occupancy="1.23" waitingTime="0.00" speed="21.82" departed="0" arrived="0" entered="1" left="0" laneChangedFrom="0" laneChangedTo="0"/>
        <edge id="130097888#7" sampledSeconds="10.70" traveltime="8.29" overlapTraveltime="8.50" density="6.31" occupancy="2.57" waitingTime="0.00" speed="15.15" departed="0" arrived="0" entered="2" left="1" laneChangedFrom="0" laneChangedTo="0"/>
        <edge id="130097888#8" sampledSeconds="2.25" traveltime="5.42" overlapTraveltime="5.61" density="1.38" occupancy="0.57" waitingTime="0.00" speed="22.09" departed="0" arrived="0" entered="1" left="0" laneChangedFrom="0" laneChangedTo="0"/>
        <edge id="165538136#6" sampledSeconds="4.18" traveltime="3.93" overlapTraveltime="4.18" density="5.86" occupancy="1.15" waitingTime="0.00" speed="13.57" departed="0" arrived="0" entered="1" left="1" laneChangedFrom="0" laneChangedTo="0"/>
        <edge id="165538136#7" sampledSeconds="15.48" traveltime="16.64" overlapTraveltime="16.99" density="5.61" occupancy="1.20" waitingTime="0.00" speed="12.21" departed="1" arrived="0" entered="1" left="0" laneChangedFrom="0" laneChangedTo="0"/>
        <edge id="165538136#8" sampledSeconds="13.50" traveltime="14.11" overlapTraveltime="14.75" density="7.10" occupancy="1.47" waitingTime="0.00" speed="9.77" departed="1" arrived="0" entered="1" left="1" laneChangedFrom="0" laneChangedTo="0"/>
        <edge id="165538136#9" sampledSeconds="11.32" traveltime="14.88" overlapTraveltime="15.54" density="6.85" occupancy="1.40" waitingTime="0.00" speed="8.10" departed="1" arrived="0" entered="1" left="1" laneChangedFrom="0" laneChangedTo="0"/>
        <edge id="19612427" sampledSeconds="13.40" traveltime="53.10" overlapTraveltime="53.51" density="1.76" occupancy="0.76" waitingTime="0.00" speed="10.53" departed="1" arrived="0" entered="0" left="0" laneChangedFrom="0" laneChangedTo="0"/>
        <edge id="19615292#1" sampledSeconds="5.00" traveltime="28.01" overlapTraveltime="26.82" density="3.21" occupancy="1.29" waitingTime="0.00" speed="4.43" departed="1" arrived="0" entered="0" left="1" laneChangedFrom="0" laneChangedTo="0"/>
        <edge id="19615806#1" sampledSeconds="6.79" traveltime="19.29" overlapTraveltime="19.49" density="4.88" occupancy="2.01" waitingTime="0.00" speed="5.47" departed="1" arrived="0" entered="0" left="1" laneChangedFrom="0" laneChangedTo="0"/>
        <edge id="19615806#2" sampledSeconds="16.79" traveltime="15.31" overlapTraveltime="15.87" density="13.76" occupancy="5.70" waitingTime="0.00" speed="5.93" departed="2" arrived="0" entered="0" left="2" laneChangedFrom="0" laneChangedTo="0"/>
        <edge id="19615806#3" sampledSeconds="14.34" traveltime="8.91" overlapTraveltime="9.27" density="9.83" occupancy="4.08" waitingTime="0.00" speed="12.04" departed="0" arrived="0" entered="2" left="0" laneChangedFrom="0" laneChangedTo="0"/>
        <edge id="19615840#0" sampledSeconds="4.40" traveltime="10.38" overlapTraveltime="10.32" density="8.02" occupancy="3.21" waitingTime="0.00" speed="4.33" departed="1" arrived="0" entered="0" left="1" laneChangedFrom="0" laneChangedTo="0"/>
        <edge id="19615846#2" sampledSeconds="12.54" traveltime="5.96" overlapTraveltime="6.27" density="12.47" occupancy="5.01" waitingTime="0.00" speed="12.47" departed="0" arrived="0" entered="2" left="2" laneChangedFrom="0" laneChangedTo="0"/>
        <edge id="19615846#3" sampledSeconds="11.54" traveltime="5.18" overlapTraveltime="5.79" density="22.22" occupancy="8.33" waitingTime="0.00" speed="7.34" departed="1" arrived="0" entered="2" left="1" laneChangedFrom="0" laneChangedTo="0"/>
        <edge id="19618278#1" sampledSeconds="4.23" traveltime="3.92" overlapTraveltime="4.23" density="6.60" occupancy="2.57" waitingTime="0.00" speed="12.16" departed="0" arrived="0" entered="1" left="1" laneChangedFrom="0" laneChangedTo="0"/>
        <edge id="19618278#2" sampledSeconds="3.64" traveltime="10.11" overlapTraveltime="10.42" density="1.92" occupancy="0.79" waitingTime="0.00" speed="13.77" departed="0" arrived="0" entered="1" left="0" laneChangedFrom="0" laneChangedTo="0"/>
        <edge id="19618278#3" sampledSeconds="5.38" traveltime="58.14" overlapTraveltime="55.58" density="1.54" occupancy="0.62" waitingTime="0.00" speed="4.70" departed="1" arrived="0" entered="0" left="1" laneChangedFrom="0" laneChangedTo="0"/>
        <edge id="19618854#1" sampledSeconds="13.40" traveltime="18.86" overlapTraveltime="19.31" density="5.49" occupancy="2.36" waitingTime="0.00" speed="9.52" departed="1" arrived="0" entered="0" left="0" laneChangedFrom="0" laneChangedTo="0"/>
        <edge id="19618854#7" sampledSeconds="8.78" traveltime="9.15" overlapTraveltime="9.79" density="11.20" occupancy="4.64" waitingTime="0.00" speed="6.33" departed="1" arrived="0" entered="0" left="1" laneChangedFrom="0" laneChangedTo="0"/>
        <edge id="19618858#2" sampledSeconds="5.22" traveltime="2.74" overlapTraveltime="3.31" density="32.13" occupancy="11.34" waitingTime="0.00" speed="4.91" departed="1" arrived="0" entered="1" left="2" laneChangedFrom="0" laneChangedTo="0"/>
        <edge id="19618859" sampledSeconds="18.77" traveltime="22.49" overlapTraveltime="23.08" density="8.48" occupancy="3.59" waitingTime="0.00" speed="7.24" departed="2" arrived="0" entered="0" left="1" laneChangedFrom="0" laneChangedTo="0"/>
        <edge id="19620444#0" sampledSeconds="2.46" traveltime="9.06" overlapTraveltime="9.42" density="1.67" occupancy="0.33" waitingTime="0.00" speed="11.93" departed="0" arrived="0" entered="1" left="0" laneChangedFrom="0" laneChangedTo="0"/>
        <edge id="19620444#3" sampledSeconds="7.47" traveltime="13.80" overlapTraveltime="13.84" density="4.79" occupancy="1.01" waitingTime="0.00" speed="8.59" departed="1" arrived="0" entered="0" left="1" laneChangedFrom="0" laneChangedTo="0"/>
        <edge id="19620444#4" sampledSeconds="4.74" traveltime="4.55" overlapTraveltime="4.74" density="3.52" occupancy="0.72" waitingTime="0.00" speed="21.78" departed="0" arrived="0" entered="1" left="1" laneChangedFrom="0" laneChangedTo="0"/>
        <edge id="19620444#5" sampledSeconds="15.57" traveltime="9.01" overlapTraveltime="9.56" density="13.09" occupancy="2.70" waitingTime="0.00" speed="9.60" departed="1" arrived="0" entered="2" left="1" laneChangedFrom="0" laneChangedTo="0"/>
        <edge id="19623564#0" sampledSeconds="13.26" traveltime="16.28" overlapTraveltime="16.45" density="7.84" occupancy="1.64" waitingTime="0.00" speed="7.82" departed="2" arrived="0" entered="0" left="2" laneChangedFrom="0" laneChangedTo="0"/>
        <edge id="19623564#1" sampledSeconds="4.68" traveltime="5.14" overlapTraveltime="5.31" density="2.72" occupancy="0.57" waitingTime="0.00" speed="24.61" departed="0" arrived="0" entered="1" left="0" laneChangedFrom="0" laneChangedTo="0"/>
        <edge id="19623564#2" sampledSeconds="16.85" traveltime="26.69" overlapTraveltime="27.70" density="15.82" occupancy="3.18" waitingTime="2.40" speed="2.98" departed="2" arrived="0" entered="0" left="2" laneChangedFrom="0" laneChangedTo="0"/>
        <edge id="19623564#3" sampledSeconds="9.13" traveltime="10.57" overlapTraveltime="10.83" density="3.87" occupancy="0.81" waitingTime="0.00" speed="16.39" departed="0" arrived="0" entered="1" left="0" laneChangedFrom="0" laneChangedTo="0"/>
        <edge id="19626112#0" sampledSeconds="4.16" traveltime="56.62" overlapTraveltime="49.67" density="2.21" occupancy="0.84" waitingTime="0.00" speed="2.87" departed="1" arrived="0" entered="0" left="1" laneChangedFrom="0" laneChangedTo="0"/>
        <edge id="19627529#2" sampledSeconds="10.60" traveltime="12.66" overlapTraveltime="13.28" density="7.82" occupancy="3.27" waitingTime="0.00" speed="7.83" departed="1" arrived="0" entered="0" left="1" laneChangedFrom="0" laneChangedTo="0"/>
        <edge id="19627795" sampledSeconds="3.63" traveltime="31.65" overlapTraveltime="28.42" density="2.15" occupancy="0.86" waitingTime="0.00" speed="4.52" departed="1" arrived="0" entered="0" left="1" laneChangedFrom="0" laneChangedTo="0"/>
        <edge id="19628050#0" sampledSeconds="9.67" traveltime="8.50" overlapTraveltime="9.75" density="16.72" occupancy="6.08" waitingTime="0.00" speed="4.80" departed="1" arrived="0" entered="0" left="1" laneChangedFrom="0" laneChangedTo="0"/>
        <edge id="19628050#3" sampledSeconds="4.94" traveltime="23.40" overlapTraveltime="23.87" density="4.19" occupancy="1.63" waitingTime="0.00" speed="3.81" departed="1" arrived="0" entered="0" left="1" laneChangedFrom="0" laneChangedTo="0"/>
        <edge id="19628050#4" sampledSeconds="2.86" traveltime="6.37" overlapTraveltime="6.10" density="11.07" occupancy="4.25" waitingTime="0.00" speed="3.81" departed="1" arrived="0" entered="0" left="1" laneChangedFrom="0" laneChangedTo="0"/>
        <edge id="19628050#8" sampledSeconds="18.96" traveltime="11.68" overlapTraveltime="12.11" density="12.15" occupancy="5.16" waitingTime="0.40" speed="9.83" departed="1" arrived="0" entered="1" left="0" laneChangedFrom="0" laneChangedTo="0"/>
        <edge id="19629027#0" sampledSeconds="7.12" traveltime="22.14" overlapTraveltime="21.94" density="3.07" occupancy="1.29" waitingTime="0.00" speed="7.98" departed="1" arrived="0" entered="0" left="1" laneChangedFrom="0" laneChangedTo="0"/>
        <edge id="19629027#1" sampledSeconds="5.93" traveltime="6.55" overlapTraveltime="6.89" density="5.24" occupancy="2.19" waitingTime="0.00" speed="12.70" departed="0" arrived="0" entered="1" left="0" laneChangedFrom="0" laneChangedTo="0"/>
        <edge id="19629027#2" sampledSeconds="11.36" traveltime="13.29" overlapTraveltime="15.11" density="12.63" occupancy="5.14" waitingTime="0.20" speed="4.66" departed="1" arrived="0" entered="0" left="1" laneChangedFrom="0" laneChangedTo="0"/>
        <edge id="19629452#0" sampledSeconds="4.77" traveltime="34.88" overlapTraveltime="32.77" density="2.48" occupancy="1.00" waitingTime="0.00" speed="4.44" departed="1" arrived="0" entered="0" left="1" laneChangedFrom="0" laneChangedTo="0"/>
        <edge id="19629453" sampledSeconds="9.55" traveltime="13.09" overlapTraveltime="13.69" density="7.86" occupancy="3.28" waitingTime="0.00" speed="6.84" departed="1" arrived="0" entered="0" left="1" laneChangedFrom="0" laneChangedTo="0"/>
        <edge id="19629983#2" sampledSeconds="5.30" traveltime="26.00" overlapTraveltime="26.34" density="1.18" occupancy="0.49" waitingTime="0.00" speed="12.68" departed="0" arrived="0" entered="1" left="0" laneChangedFrom="0" laneChangedTo="0"/>
        <edge id="19631493#0" sampledSeconds="13.40" traveltime="24.91" overlapTraveltime="25.31" density="3.64" occupancy="1.57" waitingTime="0.00" speed="10.86" departed="1" arrived="0" entered="0" left="0" laneChangedFrom="0" laneChangedTo="0"/>
        <edge id="19631504#1" sampledSeconds="0.49" traveltime="14.99" overlapTraveltime="15.44" density="0.25" occupancy="0.06" waitingTime="0.00" speed="9.49" departed="0" arrived="0" entered="1" left="0" laneChangedFrom="0" laneChangedTo="0"/>
        <edge id="19631505" sampledSeconds="23.63" traveltime="31.50" overlapTraveltime="32.22" density="5.88" occupancy="2.49" waitingTime="0.00" speed="9.31" departed="2" arrived="0" entered="0" left="1" laneChangedFrom="0" laneChangedTo="0"/>
        <edge id="19631509#4" sampledSeconds="22.82" traveltime="12.08" overlapTraveltime="12.41" density="13.99" occupancy="5.78" waitingTime="0.00" speed="10.01" departed="2" arrived="0" entered="1" left="2" laneChangedFrom="0" laneChangedTo="0"/>
        <edge id="19631509#5" sampledSeconds="14.59" traveltime="9.57" overlapTraveltime="9.90" density="8.62" occupancy="3.55" waitingTime="0.00" speed="13.01" departed="0" arrived="0" entered="3" left="0" laneChangedFrom="0" laneChangedTo="0"/>
        <edge id="19632204#0" sampledSeconds="7.48" traveltime="5.58" overlapTraveltime="6.37" density="14.17" occupancy="5.34" waitingTime="0.00" speed="6.77" departed="1" arrived="0" entered="1" left="2" laneChangedFrom="0" laneChangedTo="0"/>
        <edge id="19633324#0" sampledSeconds="1.81" traveltime="79.08" overlapTraveltime="27.97" density="1.98" occupancy="0.29" waitingTime="0.00" speed="2.55" departed="1" arrived="0" entered="0" left="1" laneChangedFrom="0" laneChangedTo="0"/>
        <edge id="19633324#2" sampledSeconds="9.60" traveltime="19.44" overlapTraveltime="20.32" density="11.00" occupancy="2.11" waitingTime="0.00" speed="3.37" departed="2" arrived="0" entered="0" left="2" laneChangedFrom="0" laneChangedTo="0"/>
        <edge id="19633324#3" sampledSeconds="5.77" traveltime="10.23" overlapTraveltime="10.30" density="6.47" occupancy="1.35" waitingTime="0.00" speed="6.78" departed="1" arrived="0" entered="0" left="1" laneChangedFrom="0" laneChangedTo="0"/>
        <edge id="19633324#4" sampledSeconds="6.62" traveltime="6.40" overlapTraveltime="6.62" density="3.97" occupancy="0.82" waitingTime="0.00" speed="19.17" departed="0" arrived="0" entered="1" left="1" laneChangedFrom="0" laneChangedTo="0"/>
        <edge id="19633324#5" sampledSeconds="27.54" traveltime="13.96" overlapTraveltime="14.45" density="16.70" occupancy="3.51" waitingTime="2.20" speed="8.69" departed="1" arrived="0" entered="3" left="0" laneChangedFrom="0" laneChangedTo="0"/>
        <edge id="19637107#0" sampledSeconds="2.90" traveltime="3.69" overlapTraveltime="4.06" density="19.56" occupancy="7.46" waitingTime="0.00" speed="3.74" departed="1" arrived="0" entered="0" left="1" laneChangedFrom="0" laneChangedTo="0"/>
        <edge id="19637107#1" sampledSeconds="6.96" traveltime="6.77" overlapTraveltime="6.96" density="4.93" occupancy="2.02" waitingTime="0.00" speed="15.52" departed="0" arrived="0" entered="1" left="1" laneChangedFrom="0" laneChangedTo="0"/>
        <edge id="19637107#2" sampledSeconds="2.75" traveltime="4.64" overlapTraveltime="4.84" density="2.00" occupancy="0.83" waitingTime="0.00" speed="21.82" departed="0" arrived="0" entered="1" left="0" laneChangedFrom="0" laneChangedTo="0"/>
        <edge id="19638217#0" sampledSeconds="4.15" traveltime="3.84" overlapTraveltime="4.15" density="5.79" occupancy="2.30" waitingTime="0.00" speed="13.73" departed="0" arrived="0" entered="1" left="1" laneChangedFrom="0" laneChangedTo="0"/>
        <edge id="19638217#1" sampledSeconds="1.10" traveltime="3.32" overlapTraveltime="3.63" density="1.77" occupancy="0.65" waitingTime="0.00" speed="13.73" departed="0" arrived="0" entered="1" left="0" laneChangedFrom="0" laneChangedTo="0"/>
        <edge id="19639004#2" sampledSeconds="13.39" traveltime="13.78" overlapTraveltime="14.37" density="7.86" occupancy="3.31" waitingTime="0.00" speed="9.01" departed="1" arrived="0" entered="0" left="1" laneChangedFrom="0" laneChangedTo="0"/>
        <edge id="19640721#1" sampledSeconds="18.93" traveltime="24.74" overlapTraveltime="26.41" density="12.21" occupancy="4.98" waitingTime="1.40" speed="4.48" departed="2" arrived="0" entered="0" left="2" laneChangedFrom="0" laneChangedTo="0"/>
        <edge id="19640721#2" sampledSeconds="9.84" traveltime="9.22" overlapTraveltime="9.84" density="7.23" occupancy="2.94" waitingTime="0.00" speed="10.60" departed="0" arrived="0" entered="1" left="1" laneChangedFrom="0" laneChangedTo="0"/>
        <edge id="19640721#3" sampledSeconds="9.79" traveltime="12.62" overlapTraveltime="13.23" density="8.08" occupancy="3.37" waitingTime="0.00" speed="7.06" departed="1" arrived="0" entered="0" left="1" laneChangedFrom="0" laneChangedTo="0"/>
        <edge id="19641153" sampledSeconds="4.00" traveltime="8.67" overlapTraveltime="8.59" density="7.43" occupancy="3.01" waitingTime="0.00" speed="5.11" departed="1" arrived="0" entered="0" left="1" laneChangedFrom="0" laneChangedTo="0"/>
        <edge id="19641987#0" sampledSeconds="12.87" traveltime="16.56" overlapTraveltime="17.86" density="7.92" occupancy="3.27" waitingTime="0.00" speed="6.93" departed="1" arrived="0" entered="0" left="1" laneChangedFrom="0" laneChangedTo="0"/>
        <edge id="19641987#1" sampledSeconds="9.32" traveltime="9.77" overlapTraveltime="10.12" density="5.77" occupancy="2.42" waitingTime="0.00" speed="12.16" departed="0" arrived="0" entered="1" left="0" laneChangedFrom="0" laneChangedTo="0"/>
        <edge id="19642356" sampledSeconds="25.61" traveltime="25.55" overlapTraveltime="26.19" density="8.27" occupancy="3.51" waitingTime="0.00" speed="8.86" departed="2" arrived="0" entered="0" left="1" laneChangedFrom="0" laneChangedTo="0"/>
        <edge id="19643255#0" sampledSeconds="10.48" traveltime="4.61" overlapTraveltime="5.24" density="22.68" occupancy="8.79" waitingTime="0.00" speed="7.31" departed="0" arrived="0" entered="2" left="2" laneChangedFrom="0" laneChangedTo="0"/>
        <edge id="19643688" sampledSeconds="10.81" traveltime="24.82" overlapTraveltime="25.48" density="5.90" occupancy="2.37" waitingTime="0.00" speed="5.46" departed="2" arrived="0" entered="0" left="2" laneChangedFrom="0" laneChangedTo="0"/>
        <edge id="19644607#3" sampledSeconds="8.39" traveltime="12.70" overlapTraveltime="13.26" density="7.62" occupancy="3.16" waitingTime="0.00" speed="6.43" departed="1" arrived="0" entered="0" left="1" laneChangedFrom="0" laneChangedTo="0"/>
        <edge id="19645123#1" sampledSeconds="8.02" traveltime="25.97" overlapTraveltime="26.46" density="3.86" occupancy="1.59" waitingTime="0.00" speed="5.95" departed="1" arrived="0" entered="0" left="1" laneChangedFrom="0" laneChangedTo="0"/>
        <edge id="19645442#1" sampledSeconds="20.34" traveltime="21.21" overlapTraveltime="22.28" density="8.36" occupancy="3.51" waitingTime="0.00" speed="8.22" departed="2" arrived="0" entered="0" left="1" laneChangedFrom="0" laneChangedTo="0"/>
        <edge id="19645442#2" sampledSeconds="12.00" traveltime="23.16" overlapTraveltime="23.92" density="4.57" occupancy="1.91" waitingTime="0.00" speed="8.25" departed="1" arrived="0" entered="0" left="1" laneChangedFrom="0" laneChangedTo="0"/>
        <edge id="19645444" sampledSeconds="7.18" traveltime="29.61" overlapTraveltime="29.65" density="3.32" occupancy="1.37" waitingTime="0.00" speed="5.52" departed="1" arrived="0" entered="0" left="1" laneChangedFrom="0" laneChangedTo="0"/>
        <edge id="19646568#1" sampledSeconds="3.02" traveltime="13.77" overlapTraveltime="12.27" density="5.12" occupancy="1.97" waitingTime="0.00" speed="3.88" departed="1" arrived="0" entered="0" left="1" laneChangedFrom="0" laneChangedTo="0"/>
        <edge id="19648519#0" sampledSeconds="7.20" traveltime="9.92" overlapTraveltime="10.48" density="9.86" occupancy="4.06" waitingTime="0.00" speed="5.54" departed="1" arrived="0" entered="0" left="1" laneChangedFrom="0" laneChangedTo="0"/>
        <edge id="19648519#3" sampledSeconds="7.97" traveltime="18.94" overlapTraveltime="19.41" density="5.20" occupancy="2.15" waitingTime="0.00" speed="6.02" departed="1" arrived="0" entered="0" left="1" laneChangedFrom="0" laneChangedTo="0"/>
        <edge id="19648519#4" sampledSeconds="4.85" traveltime="7.64" overlapTraveltime="7.98" density="3.70" occupancy="1.51" waitingTime="0.00" speed="12.62" departed="0" arrived="0" entered="1" left="0" laneChangedFrom="0" laneChangedTo="0"/>
        <edge id="19649020#1" sampledSeconds="23.83" traveltime="14.21" overlapTraveltime="14.54" density="22.23" occupancy="9.10" waitingTime="0.00" speed="5.71" departed="4" arrived="0" entered="0" left="4" laneChangedFrom="0" laneChangedTo="0"/>
        <edge id="19649020#2" sampledSeconds="13.57" traveltime="8.32" overlapTraveltime="8.78" density="12.91" occupancy="5.30" waitingTime="0.00" speed="9.29" departed="1" arrived="0" entered="1" left="2" laneChangedFrom="0" laneChangedTo="0"/>
        <edge id="19649020#3" sampledSeconds="1.63" traveltime="8.45" overlapTraveltime="8.76" density="1.03" occupancy="0.40" waitingTime="0.00" speed="13.75" departed="0" arrived="0" entered="1" left="0" laneChangedFrom="0" laneChangedTo="0"/>
        <edge id="19649418#7" sampledSeconds="0.74" traveltime="12.47" overlapTraveltime="12.90" density="0.44" occupancy="0.13" waitingTime="0.00" speed="9.97" departed="0" arrived="0" entered="1" left="0" laneChangedFrom="0" laneChangedTo="0"/>
        <edge id="19650621" sampledSeconds="5.63" traveltime="8.34" overlapTraveltime="8.55" density="7.72" occupancy="3.21" waitingTime="0.00" speed="6.77" departed="1" arrived="0" entered="0" left="1" laneChangedFrom="0" laneChangedTo="0"/>
        <edge id="19653578#1" sampledSeconds="10.98" traveltime="11.42" overlapTraveltime="12.06" density="8.95" occupancy="3.74" waitingTime="0.00" speed="7.84" departed="1" arrived="0" entered="0" left="1" laneChangedFrom="0" laneChangedTo="0"/>
        <edge id="19656059" sampledSeconds="13.40" traveltime="49.13" overlapTraveltime="49.52" density="1.86" occupancy="0.80" waitingTime="0.00" speed="10.79" departed="1" arrived="0" entered="0" left="0" laneChangedFrom="0" laneChangedTo="0"/>
        <edge id="19658738#0" sampledSeconds="5.31" traveltime="7.86" overlapTraveltime="8.17" density="3.61" occupancy="1.51" waitingTime="0.00" speed="13.75" departed="0" arrived="0" entered="1" left="0" laneChangedFrom="0" laneChangedTo="0"/>
        <edge id="25887664#11" sampledSeconds="4.20" traveltime="47.74" overlapTraveltime="43.28" density="1.80" occupancy="0.24" waitingTime="0.00" speed="4.06" departed="1" arrived="0" entered="0" left="1" laneChangedFrom="0" laneChangedTo="0"/>
        <edge id="25887664#12" sampledSeconds="7.44" traveltime="5.43" overlapTraveltime="5.65" density="6.97" occupancy="0.93" waitingTime="0.00" speed="14.63" departed="0" arrived="0" entered="2" left="1" laneChangedFrom="0" laneChangedTo="0"/>
        <edge id="25887664#3" sampledSeconds="2.35" traveltime="9.28" overlapTraveltime="9.63" density="1.52" occupancy="0.20" waitingTime="0.00" speed="12.25" departed="0" arrived="0" entered="1" left="0" laneChangedFrom="0" laneChangedTo="0"/>
        <edge id="25887664#4" sampledSeconds="7.41" traveltime="5.62" overlapTraveltime="6.05" density="9.91" occupancy="1.30" waitingTime="0.00" speed="9.80" departed="1" arrived="0" entered="1" left="2" laneChangedFrom="0" laneChangedTo="0"/>
        <edge id="25887664#5" sampledSeconds="7.49" traveltime="3.30" overlapTraveltime="3.74" density="14.50" occupancy="1.85" waitingTime="0.00" speed="11.29" departed="0" arrived="0" entered="2" left="2" laneChangedFrom="0" laneChangedTo="0"/>
        <edge id="25887664#6" sampledSeconds="11.43" traveltime="4.44" overlapTraveltime="4.72" density="17.06" occupancy="2.19" waitingTime="0.00" speed="11.35" departed="0" arrived="0" entered="4" left="2" laneChangedFrom="0" laneChangedTo="0"/>
        <edge id="25887664#7" sampledSeconds="1.14" traveltime="5.08" overlapTraveltime="5.32" density="0.89" occupancy="0.11" waitingTime="0.00" speed="18.47" departed="0" arrived="0" entered="1" left="0" laneChangedFrom="0" laneChangedTo="0"/>
        <edge id="25887664#8" sampledSeconds="5.43" traveltime="14.06" overlapTraveltime="14.35" density="1.95" occupancy="0.27" waitingTime="0.00" speed="14.58" departed="0" arrived="0" entered="1" left="0" laneChangedFrom="0" laneChangedTo="0"/>
        <edge id="303684598" sampledSeconds="2.84" traveltime="13.96" overlapTraveltime="12.10" density="4.85" occupancy="1.86" waitingTime="0.00" speed="3.90" departed="1" arrived="0" entered="0" left="1" laneChangedFrom="0" laneChangedTo="0"/>
        <edge id="351523420" sampledSeconds="5.40" traveltime="11.28" overlapTraveltime="11.28" density="5.70" occupancy="2.37" waitingTime="0.00" speed="6.57" departed="1" arrived="0" entered="0" left="1" laneChangedFrom="0" laneChangedTo="0"/>
        <edge id="38723103#7" sampledSeconds="38.05" traveltime="19.82" overlapTraveltime="20.96" density="15.55" occupancy="6.57" waitingTime="1.00" speed="8.79" departed="3" arrived="0" entered="0" left="1" laneChangedFrom="0" laneChangedTo="0"/>
        <edge id="38723155#1" sampledSeconds="38.10" traveltime="20.63" overlapTraveltime="21.39" density="15.71" occupancy="6.63" waitingTime="0.00" speed="8.54" departed="4" arrived="0" entered="0" left="2" laneChangedFrom="0" laneChangedTo="0"/>
        <edge id="38728369#18" sampledSeconds="4.63" traveltime="4.39" overlapTraveltime="4.63" density="5.85" occupancy="1.16" waitingTime="0.00" speed="13.49" departed="0" arrived="0" entered="1" left="1" laneChangedFrom="0" laneChangedTo="0"/>
        <edge id="38728369#19" sampledSeconds="2.25" traveltime="4.69" overlapTraveltime="4.89" density="1.69" occupancy="0.34" waitingTime="0.00" speed="20.85" departed="0" arrived="0" entered="1" left="0" laneChangedFrom="0" laneChangedTo="0"/>
        <edge id="38728369#27" sampledSeconds="2.48" traveltime="15.67" overlapTraveltime="16.06" density="1.06" occupancy="0.21" waitingTime="0.00" speed="10.93" departed="0" arrived="0" entered="1" left="0" laneChangedFrom="0" laneChangedTo="0"/>
        <edge id="38728369#28" sampledSeconds="6.60" traveltime="14.85" overlapTraveltime="14.79" density="4.52" occupancy="0.95" waitingTime="0.00" speed="7.54" departed="1" arrived="0" entered="0" left="1" laneChangedFrom="0" laneChangedTo="0"/>
        <edge id="38728369#29" sampledSeconds="5.94" traveltime="5.79" overlapTraveltime="5.94" density="3.44" occupancy="0.71" waitingTime="0.00" speed="22.12" departed="0" arrived="0" entered="1" left="1" laneChangedFrom="0" laneChangedTo="0"/>
        <edge id="38728369#3" sampledSeconds="4.12" traveltime="4.04" overlapTraveltime="4.47" density="16.54" occupancy="2.94" waitingTime="0.00" speed="5.06" departed="1" arrived="0" entered="0" left="1" laneChangedFrom="0" laneChangedTo="0"/>
        <edge id="38728369#30" sampledSeconds="0.33" traveltime="3.25" overlapTraveltime="3.41" density="0.27" occupancy="0.04" waitingTime="0.00" speed="27.51" departed="0" arrived="0" entered="1" left="0" laneChangedFrom="0" laneChangedTo="0"/>
        <edge id="38728369#32" sampledSeconds="12.37" traveltime="14.04" overlapTraveltime="14.66" density="7.31" occupancy="1.54" waitingTime="0.00" speed="8.78" departed="1" arrived="0" entered="0" left="1" laneChangedFrom="0" laneChangedTo="0"/>
        <edge id="38728369#4" sampledSeconds="8.79" traveltime="8.95" overlapTraveltime="9.61" density="11.20" occupancy="2.35" waitingTime="1.80" speed="6.45" departed="0" arrived="0" entered="1" left="0" laneChangedFrom="0" laneChangedTo="0"/>
        <edge id="38728369#6" sampledSeconds="10.78" traveltime="11.03" overlapTraveltime="11.21" density="6.00" occupancy="1.28" waitingTime="0.00" speed="12.17" departed="1" arrived="0" entered="0" left="1" laneChangedFrom="0" laneChangedTo="0"/>
        <edge id="38728369#8" sampledSeconds="1.25" traveltime="1.10" overlapTraveltime="1.25" density="3.21" occupancy="0.60" waitingTime="0.00" speed="26.36" departed="0" arrived="0" entered="1" left="1" laneChangedFrom="0" laneChangedTo="0"/>
        <edge id="38728369#9" sampledSeconds="0.74" traveltime="1.74" overlapTraveltime="1.90" density="1.12" occupancy="0.22" waitingTime="0.00" speed="27.57" departed="0" arrived="0" entered="1" left="0" laneChangedFrom="0" laneChangedTo="0"/>
        <edge id="398895505" sampledSeconds="5.00" traveltime="12.46" overlapTraveltime="12.51" density="6.81" occupancy="2.75" waitingTime="0.00" speed="4.66" departed="1" arrived="0" entered="0" left="1" laneChangedFrom="0" laneChangedTo="0"/>
        <edge id="398901242#0" sampledSeconds="4.26" traveltime="5.92" overlapTraveltime="6.24" density="11.66" occupancy="2.36" waitingTime="0.00" speed="4.99" departed="1" arrived="0" entered="0" left="1" laneChangedFrom="0" laneChangedTo="0"/>
        <edge id="398901242#1" sampledSeconds="1.69" traveltime="1.34" overlapTraveltime="1.69" density="8.48" occupancy="1.40" waitingTime="0.00" speed="11.22" departed="0" arrived="0" entered="1" left="1" laneChangedFrom="0" laneChangedTo="0"/>
        <edge id="398901242#2" sampledSeconds="4.21" traveltime="4.02" overlapTraveltime="4.21" density="4.34" occupancy="0.88" waitingTime="0.00" speed="17.95" departed="0" arrived="0" entered="1" left="1" laneChangedFrom="0" laneChangedTo="0"/>
        <edge id="398901242#3" sampledSeconds="0.84" traveltime="0.67" overlapTraveltime="0.84" density="3.84" occupancy="0.65" waitingTime="0.00" speed="24.27" departed="0" arrived="0" entered="1" left="1" laneChangedFrom="0" laneChangedTo="0"/>
        <edge id="398901242#4" sampledSeconds="1.25" traveltime="3.44" overlapTraveltime="3.60" density="0.99" occupancy="0.20" waitingTime="0.00" speed="26.92" departed="0" arrived="0" entered="1" left="0" laneChangedFrom="0" laneChangedTo="0"/>
        <edge id="398903629" sampledSeconds="12.98" traveltime="12.95" overlapTraveltime="13.16" density="3.59" occupancy="0.75" waitingTime="0.00" speed="20.51" departed="0" arrived="0" entered="3" left="0" laneChangedFrom="0" laneChangedTo="0"/>
        <edge id="398903630#1" sampledSeconds="2.46" traveltime="5.13" overlapTraveltime="4.95" density="16.41" occupancy="1.94" waitingTime="0.00" speed="3.10" departed="1" arrived="0" entered="0" left="1" laneChangedFrom="0" laneChangedTo="0"/>
        <edge id="398903630#2" sampledSeconds="38.81" traveltime="11.09" overlapTraveltime="11.53" density="29.78" occupancy="4.12" waitingTime="0.00" speed="8.68" departed="3" arrived="0" entered="2" left="4" laneChangedFrom="0" laneChangedTo="0"/>
        <edge id="398903630#3" sampledSeconds="7.58" traveltime="5.22" overlapTraveltime="5.48" density="6.94" occupancy="0.91" waitingTime="0.00" speed="15.44" departed="0" arrived="0" entered="3" left="1" laneChangedFrom="0" laneChangedTo="0"/>
        <edge id="398903630#5" sampledSeconds="1.02" traveltime="6.68" overlapTraveltime="6.93" density="0.63" occupancy="0.08" waitingTime="0.00" speed="17.73" departed="0" arrived="0" entered="1" left="0" laneChangedFrom="0" laneChangedTo="0"/>
        <edge id="496328339#0" sampledSeconds="5.80" traveltime="25.97" overlapTraveltime="25.50" density="3.64" occupancy="1.49" waitingTime="0.00" speed="4.76" departed="1" arrived="0" entered="0" left="1" laneChangedFrom="0" laneChangedTo="0"/>
        <edge id="97954660#2" sampledSeconds="0.88" traveltime="18.02" overlapTraveltime="18.37" density="0.28" occupancy="0.05" waitingTime="0.00" speed="12.60" departed="0" arrived="0" entered="1" left="0" laneChangedFrom="0" laneChangedTo="0"/>
        <edge id="97954660#3" sampledSeconds="2.39" traveltime="5.70" overlapTraveltime="6.01" density="2.27" occupancy="0.45" waitingTime="0.00" speed="13.62" departed="0" arrived="0" entered="1" left="0" laneChangedFrom="0" laneChangedTo="0"/>
    </interval>
</meandata>
